,Date_reported,Country,y_cases,y_deaths,Cumulative_cases,Cumulative_deaths,Total_Existed,total_tests,School_closing,Workplace_closing,public_events,Stay_at_home,travel_controls,Travel_Ban_Condition,Restaurant_Restriction
0,2020-01-03,Australia,0.0,0.0,0.0,0.0,0.0,0,0,0,0,0,0,0,0
1,2020-01-04,Australia,0.0,0.0,0.0,0.0,0.0,0,0,0,0,0,0,0,0
2,2020-01-05,Australia,0.0,0.0,0.0,0.0,0.0,0,0,0,0,0,0,0,0
3,2020-01-06,Australia,0.0,0.0,0.0,0.0,0.0,0,0,0,0,0,0,0,0
4,2020-01-07,Australia,0.0,0.0,0.0,0.0,0.0,0,0,0,0,0,0,0,0
5,2020-01-08,Australia,0.0,0.0,0.0,0.0,0.0,0,0,0,0,0,0,0,0
6,2020-01-09,Australia,0.0,0.0,0.0,0.0,0.0,0,0,0,0,0,0,0,0
7,2020-01-10,Australia,0.0,0.0,0.0,0.0,0.0,0,0,0,0,0,0,0,0
8,2020-01-11,Australia,7.0,0.0,0.0,0.0,0.0,0,0,0,0,0,0,0,0
9,2020-01-12,Australia,8.0,0.0,0.0,0.0,0.0,0,0,0,0,0,0,0,0
10,2020-01-13,Australia,9.0,0.0,0.0,0.0,0.0,0,0,0,0,0,0,0,0
11,2020-01-14,Australia,9.0,0.0,0.0,0.0,0.0,0,0,0,0,0,0,0,0
12,2020-01-15,Australia,11.0,0.0,0.0,0.0,0.0,0,0,0,0,0,0,0,0
13,2020-01-16,Australia,13.0,0.0,0.0,0.0,0.0,0,0,0,0,0,0,0,0
14,2020-01-17,Australia,13.0,0.0,0.0,0.0,0.0,0,0,0,0,0,0,0,0
15,2020-01-18,Australia,9.0,0.0,0.0,0.0,0.0,0,0,0,0,0,0,0,0
16,2020-01-19,Australia,8.0,0.0,0.0,0.0,0.0,0,0,0,0,0,0,0,0
17,2020-01-20,Australia,7.0,0.0,0.0,0.0,0.0,0,0,0,0,0,0,0,0
18,2020-01-21,Australia,8.0,0.0,0.0,0.0,0.0,0,0,0,0,0,0,0,0
19,2020-01-22,Australia,7.0,0.0,0.0,0.0,0.0,0,0,0,0,0,0,0,0
20,2020-01-23,Australia,6.0,0.0,0.0,0.0,0.0,0,0,0,0,0,0,0,0
21,2020-01-24,Australia,6.0,0.0,0.0,0.0,0.0,0,0,0,0,0,0,0,0
22,2020-01-25,Australia,3.0,0.0,7.0,0.0,0.0,2466,0,0,0,0,0,0,0
23,2020-01-26,Australia,3.0,0.0,8.0,0.0,4.0,2467,0,0,0,0,0,0,0
24,2020-01-27,Australia,3.0,0.0,9.0,0.0,5.0,2466,0,0,0,0,0,0,0
25,2020-01-28,Australia,2.0,0.0,9.0,0.0,5.0,2467,0,0,0,0,0,0,0
26,2020-01-29,Australia,1.0,0.0,11.0,0.0,6.0,2466,0,0,0,0,0,0,0
27,2020-01-30,Australia,0.0,0.0,13.0,0.0,7.0,2467,0,0,0,0,0,0,0
28,2020-01-31,Australia,0.0,0.0,13.0,0.0,7.0,2466,0,0,0,0,0,0,0
29,2020-02-01,Australia,0.0,0.0,16.0,0.0,10.0,2467,0,0,0,0,3,0,0
30,2020-02-02,Australia,0.0,0.0,16.0,0.0,10.0,2466,0,0,0,0,3,0,0
31,2020-02-03,Australia,0.0,0.0,16.0,0.0,10.0,2467,0,0,0,0,3,0,0
32,2020-02-04,Australia,0.0,0.0,17.0,0.0,11.0,2466,0,0,0,0,3,0,0
33,2020-02-05,Australia,0.0,0.0,18.0,0.0,11.0,2467,0,0,0,0,3,0,0
34,2020-02-06,Australia,0.0,0.0,19.0,0.0,12.0,2466,0,0,0,0,3,0,0
35,2020-02-07,Australia,2.0,0.0,19.0,0.0,13.0,2467,0,0,0,0,3,0,0
36,2020-02-08,Australia,6.0,0.0,19.0,0.0,13.0,2466,0,0,0,0,3,0,0
37,2020-02-09,Australia,7.0,0.0,19.0,0.0,13.0,2467,0,0,0,0,3,0,0
38,2020-02-10,Australia,7.0,0.0,19.0,0.0,13.0,2466,0,0,0,0,3,0,0
39,2020-02-11,Australia,8.0,0.0,19.0,0.0,13.0,2467,0,0,0,0,3,0,0
40,2020-02-12,Australia,8.0,0.0,19.0,0.0,13.0,2466,0,0,0,0,3,0,0
41,2020-02-13,Australia,8.0,0.0,19.0,0.0,7.0,2467,0,0,0,0,3,0,0
42,2020-02-14,Australia,6.0,0.0,19.0,0.0,7.0,2466,0,0,0,0,3,0,0
43,2020-02-15,Australia,4.0,0.0,19.0,0.0,7.0,2467,0,0,0,0,3,0,0
44,2020-02-16,Australia,5.0,1.0,19.0,0.0,7.0,2466,0,0,0,0,3,0,0
45,2020-02-17,Australia,11.0,1.0,19.0,0.0,5.0,2467,0,0,0,0,3,0,0
46,2020-02-18,Australia,10.0,1.0,19.0,0.0,5.0,2466,0,0,0,0,3,0,0
47,2020-02-19,Australia,10.0,1.0,19.0,0.0,5.0,2467,0,0,0,0,3,0,0
48,2020-02-20,Australia,20.0,1.0,19.0,0.0,5.0,2466,0,0,0,0,3,0,0
49,2020-02-21,Australia,39.0,2.0,21.0,0.0,4.0,2467,0,0,0,0,3,0,0
50,2020-02-22,Australia,45.0,2.0,25.0,0.0,4.0,2466,0,0,0,0,3,0,0
51,2020-02-23,Australia,50.0,2.0,26.0,0.0,4.0,2466,0,0,0,0,3,0,0
52,2020-02-24,Australia,59.0,2.0,26.0,0.0,4.0,2467,0,0,0,0,3,0,0
53,2020-02-25,Australia,59.0,2.0,27.0,0.0,4.0,2466,0,0,0,0,3,0,0
54,2020-02-26,Australia,89.0,2.0,27.0,0.0,4.0,2467,0,0,0,0,3,0,0
55,2020-02-27,Australia,97.0,2.0,27.0,0.0,4.0,2466,0,0,0,0,3,0,0
56,2020-02-28,Australia,127.0,1.0,27.0,0.0,4.0,2467,0,0,0,0,3,0,0
57,2020-02-29,Australia,127.0,1.0,29.0,0.0,14.0,2466,0,0,0,0,3,0,0
58,2020-03-01,Australia,221.0,2.0,31.0,1.0,16.0,2467,0,0,0,0,3,0,0
59,2020-03-02,Australia,244.0,2.0,37.0,1.0,19.0,2466,0,0,0,0,3,0,0
60,2020-03-03,Australia,322.0,2.0,37.0,1.0,28.0,2467,0,0,0,0,3,0,0
61,2020-03-04,Australia,388.0,3.0,37.0,1.0,41.0,2466,0,0,0,0,3,0,0
62,2020-03-05,Australia,565.0,3.0,47.0,1.0,34.0,2467,0,0,0,0,3,0,0
63,2020-03-06,Australia,680.0,4.0,66.0,2.0,39.0,2466,0,0,0,0,3,0,0
64,2020-03-07,Australia,880.0,4.0,74.0,2.0,42.0,2467,0,0,0,0,3,0,0
65,2020-03-08,Australia,796.0,2.0,81.0,3.0,55.0,2466,0,0,0,0,3,0,0
66,2020-03-09,Australia,1369.0,2.0,96.0,3.0,70.0,2467,0,0,0,0,3,0,0
67,2020-03-10,Australia,1718.0,3.0,96.0,3.0,86.0,2466,0,0,0,0,3,0,0
68,2020-03-11,Australia,1909.0,2.0,126.0,3.0,107.0,2467,0,0,0,0,3,0,0
69,2020-03-12,Australia,2090.0,5.0,144.0,3.0,107.0,2466,0,0,0,0,3,0,0
70,2020-03-13,Australia,2112.0,6.0,193.0,3.0,177.0,2467,0,0,0,0,3,0,0
71,2020-03-14,Australia,2554.0,7.0,201.0,3.0,227.0,2466,0,0,0,0,3,0,0
72,2020-03-15,Australia,2868.0,9.0,302.0,5.0,274.0,2467,0,0,0,0,3,0,0
73,2020-03-16,Australia,2536.0,11.0,340.0,5.0,354.0,2466,0,0,1,0,3,0,0
74,2020-03-17,Australia,2421.0,11.0,418.0,5.0,429.0,2467,0,0,1,0,3,0,0
75,2020-03-18,Australia,2437.0,12.0,514.0,6.0,545.0,2466,0,0,2,0,3,0,0
76,2020-03-19,Australia,2177.0,10.0,709.0,6.0,655.0,2467,0,0,2,0,3,0,0
77,2020-03-20,Australia,2365.0,13.0,873.0,7.0,765.0,2466,0,0,2,0,4,1,0
78,2020-03-21,Australia,1819.0,14.0,1081.0,7.0,1045.0,2467,0,0,2,0,4,1,0
79,2020-03-22,Australia,1669.0,18.0,1098.0,7.0,1461.0,2466,0,0,2,0,4,1,0
80,2020-03-23,Australia,1550.0,21.0,1709.0,7.0,1594.0,9744,0,2,2,0,4,1,1
81,2020-03-24,Australia,1287.0,23.0,2136.0,8.0,1929.0,9743,3,2,2,1,4,1,1
82,2020-03-25,Australia,1096.0,25.0,2423.0,8.0,2245.0,9744,3,2,2,1,4,1,1
83,2020-03-26,Australia,1076.0,29.0,2799.0,11.0,2638.0,9743,3,2,2,1,4,1,1
84,2020-03-27,Australia,802.0,26.0,2985.0,13.0,2949.0,9744,3,2,2,1,4,1,1
85,2020-03-28,Australia,835.0,28.0,3635.0,14.0,3396.0,9743,3,2,2,1,4,1,1
86,2020-03-29,Australia,678.0,25.0,3966.0,16.0,3740.0,9744,3,2,2,1,4,1,1
87,2020-03-30,Australia,527.0,22.0,4245.0,18.0,4104.0,12270,3,2,2,1,4,1,1
88,2020-03-31,Australia,522.0,19.0,4557.0,19.0,4201.0,12271,3,2,2,1,4,1,1
89,2020-04-01,Australia,460.0,16.0,4860.0,20.0,4440.0,12270,3,2,2,1,4,1,1
90,2020-04-02,Australia,406.0,13.0,4976.0,21.0,4596.0,12271,3,2,2,2,4,1,1
91,2020-04-03,Australia,316.0,11.0,5350.0,26.0,4681.0,12270,3,2,2,2,4,1,1
92,2020-04-04,Australia,244.0,11.0,5454.0,28.0,4849.0,12271,3,2,2,2,4,1,1
93,2020-04-05,Australia,293.0,11.0,5635.0,34.0,4930.0,12270,3,2,2,2,4,1,1
94,2020-04-06,Australia,290.0,9.0,5795.0,39.0,4717.0,5509,3,2,2,2,4,1,1
95,2020-04-07,Australia,259.0,10.0,5844.0,42.0,4815.0,8037,3,2,2,2,4,1,1
96,2020-04-08,Australia,231.0,13.0,5956.0,45.0,4930.0,8668,3,2,2,2,4,1,1
97,2020-04-09,Australia,203.0,12.0,6052.0,50.0,4636.0,10766,3,2,2,2,4,1,1
98,2020-04-10,Australia,199.0,13.0,6152.0,52.0,4422.0,8212,3,2,2,2,4,1,1
99,2020-04-11,Australia,154.0,12.0,6289.0,56.0,4497.0,9501,3,2,2,2,4,1,1
100,2020-04-12,Australia,97.0,11.0,6313.0,59.0,4509.0,6094,3,2,2,2,4,1,1
101,2020-04-13,Australia,101.0,13.0,6322.0,61.0,4545.0,8195,3,2,2,2,4,1,1
102,2020-04-14,Australia,100.0,13.0,6366.0,61.0,4229.0,4357,3,2,2,2,4,1,1
103,2020-04-15,Australia,91.0,14.0,6416.0,61.0,4254.0,4884,3,2,2,2,4,1,1
104,2020-04-16,Australia,85.0,15.0,6458.0,63.0,4107.0,8626,3,2,2,2,4,1,1
105,2020-04-17,Australia,95.0,16.0,6468.0,63.0,2714.0,11527,3,2,2,2,4,1,1
106,2020-04-18,Australia,80.0,14.0,6533.0,67.0,2444.0,14980,2,2,2,2,4,1,1
107,2020-04-19,Australia,80.0,12.0,6606.0,70.0,2486.0,14486,2,2,2,2,4,1,1
108,2020-04-20,Australia,88.0,12.0,6612.0,70.0,2332.0,10738,2,2,2,2,4,1,1
109,2020-04-21,Australia,100.0,11.0,6625.0,71.0,1950.0,8108,2,2,2,2,4,1,1
110,2020-04-22,Australia,111.0,8.0,6647.0,74.0,1720.0,12599,2,2,2,2,4,1,1
111,2020-04-23,Australia,129.0,7.0,6661.0,75.0,1615.0,14218,2,2,2,2,4,1,1
112,2020-04-24,Australia,134.0,5.0,6667.0,76.0,1541.0,15711,2,2,2,2,4,1,1
113,2020-04-25,Australia,147.0,4.0,6687.0,79.0,1318.0,11887,2,2,2,2,4,1,1
114,2020-04-26,Australia,146.0,4.0,6703.0,81.0,1173.0,12192,2,2,2,2,4,1,1
115,2020-04-27,Australia,140.0,2.0,6713.0,83.0,1133.0,10614,2,2,2,2,4,1,1
116,2020-04-28,Australia,123.0,2.0,6725.0,84.0,1079.0,13616,2,2,2,2,4,1,1
117,2020-04-29,Australia,115.0,1.0,6738.0,88.0,1037.0,13731,2,2,2,2,4,1,1
118,2020-04-30,Australia,100.0,1.0,6746.0,90.0,1024.0,19231,2,2,2,2,4,1,1
119,2020-05-01,Australia,93.0,1.0,6762.0,92.0,1003.0,25227,2,2,2,2,4,1,1
120,2020-05-02,Australia,105.0,1.0,6767.0,93.0,985.0,22715,2,2,2,2,4,1,1
121,2020-05-03,Australia,107.0,1.0,6783.0,93.0,973.0,21524,2,2,2,2,4,1,1
122,2020-05-04,Australia,104.0,1.0,6801.0,95.0,960.0,17107,2,2,2,2,4,1,1
123,2020-05-05,Australia,112.0,2.0,6825.0,95.0,900.0,14542,2,2,2,2,4,1,1
124,2020-05-06,Australia,104.0,2.0,6849.0,96.0,863.0,23900,2,2,2,2,4,1,1
125,2020-05-07,Australia,104.0,2.0,6875.0,97.0,835.0,33893,2,2,2,2,4,1,1
126,2020-05-08,Australia,92.0,2.0,6896.0,97.0,796.0,34701,2,2,2,2,4,1,1
127,2020-05-09,Australia,76.0,3.0,6914.0,97.0,798.0,38206,2,2,2,2,4,1,1
128,2020-05-10,Australia,70.0,4.0,6929.0,97.0,781.0,32416,2,2,2,2,4,1,1
129,2020-05-11,Australia,64.0,4.0,6941.0,97.0,757.0,27247,2,2,2,2,4,1,1
130,2020-05-12,Australia,58.0,3.0,6948.0,97.0,710.0,22808,2,2,2,2,4,1,1
131,2020-05-13,Australia,65.0,3.0,6964.0,97.0,692.0,31098,2,2,2,2,4,1,1
132,2020-05-14,Australia,60.0,3.0,6975.0,98.0,685.0,34455,2,2,2,2,4,1,1
133,2020-05-15,Australia,69.0,3.0,6989.0,98.0,676.0,40336,2,1,2,1,4,1,1
134,2020-05-16,Australia,78.0,2.0,7019.0,98.0,680.0,31836,2,1,2,1,4,1,1
135,2020-05-17,Australia,79.0,1.0,7036.0,98.0,662.0,26474,2,1,2,1,4,1,1
136,2020-05-18,Australia,86.0,1.0,7045.0,98.0,655.0,19908,2,1,2,1,4,1,1
137,2020-05-19,Australia,86.0,1.0,7060.0,99.0,641.0,23836,2,1,2,1,4,1,1
138,2020-05-20,Australia,88.0,1.0,7068.0,99.0,611.0,25697,2,1,2,1,4,1,1
139,2020-05-21,Australia,90.0,-1.0,7079.0,100.0,617.0,26117,2,1,2,1,4,1,1
140,2020-05-22,Australia,90.0,-1.0,7081.0,100.0,614.0,32998,2,1,2,1,4,1,1
141,2020-05-23,Australia,78.0,-1.0,7095.0,101.0,606.0,21580,2,1,2,1,4,1,1
142,2020-05-24,Australia,70.0,-1.0,7106.0,102.0,583.0,32533,2,1,2,1,4,1,1
143,2020-05-25,Australia,65.0,-1.0,7109.0,102.0,574.0,19405,2,1,2,1,4,1,1
144,2020-05-26,Australia,61.0,-1.0,7118.0,102.0,579.0,44023,2,1,2,1,4,1,1
145,2020-05-27,Australia,46.0,-1.0,7133.0,102.0,571.0,50098,2,1,2,1,4,1,1
146,2020-05-28,Australia,38.0,0.0,7139.0,103.0,589.0,29123,2,1,2,1,4,1,1
147,2020-05-29,Australia,45.0,0.0,7150.0,103.0,579.0,30178,2,1,2,0,4,1,1
148,2020-05-30,Australia,39.0,0.0,7173.0,103.0,578.0,30916,2,1,2,0,4,1,1
149,2020-05-31,Australia,47.0,0.0,7185.0,103.0,584.0,26030,2,1,2,0,4,1,1
150,2020-06-01,Australia,60.0,0.0,7195.0,103.0,595.0,17652,2,1,2,0,4,1,1
151,2020-06-02,Australia,70.0,0.0,7204.0,103.0,593.0,18167,2,1,2,0,4,1,1
152,2020-06-03,Australia,80.0,0.0,7221.0,103.0,592.0,22313,2,1,2,0,4,1,1
153,2020-06-04,Australia,103.0,0.0,7229.0,102.0,564.0,33629,2,1,2,0,4,1,1
154,2020-06-05,Australia,106.0,0.0,7240.0,102.0,564.0,32863,2,1,2,0,4,1,1
155,2020-06-06,Australia,119.0,0.0,7251.0,102.0,556.0,11396,2,1,2,0,4,1,1
156,2020-06-07,Australia,134.0,0.0,7255.0,102.0,559.0,26874,2,1,2,0,4,1,1
157,2020-06-08,Australia,141.0,0.0,7260.0,102.0,547.0,16053,2,1,2,0,4,1,0
158,2020-06-09,Australia,139.0,0.0,7265.0,102.0,534.0,17169,0,1,2,0,4,1,0
159,2020-06-10,Australia,145.0,0.0,7267.0,102.0,526.0,29270,0,1,2,0,4,1,0
160,2020-06-11,Australia,151.0,1.0,7267.0,102.0,507.0,31269,0,1,2,0,4,1,0
161,2020-06-12,Australia,167.0,2.0,7285.0,102.0,491.0,34327,0,1,1,0,4,1,0
162,2020-06-13,Australia,186.0,2.0,7290.0,102.0,482.0,37101,0,1,1,0,4,1,0
163,2020-06-14,Australia,205.0,2.0,7302.0,102.0,484.0,29702,0,1,1,0,4,1,0
164,2020-06-15,Australia,225.0,2.0,7320.0,102.0,491.0,15796,0,1,1,0,4,1,0
165,2020-06-16,Australia,293.0,2.0,7335.0,102.0,509.0,20198,0,1,1,0,4,1,0
166,2020-06-17,Australia,342.0,2.0,7347.0,102.0,514.0,27770,0,1,1,0,4,1,0
167,2020-06-18,Australia,399.0,1.0,7370.0,102.0,531.0,51380,0,1,1,0,4,1,0
168,2020-06-19,Australia,443.0,0.0,7391.0,102.0,530.0,42708,0,1,1,0,4,1,0
169,2020-06-20,Australia,660.0,0.0,7409.0,102.0,565.0,35173,0,1,1,0,4,1,0
170,2020-06-21,Australia,721.0,0.0,7436.0,102.0,571.0,35946,0,1,1,0,4,1,0
171,2020-06-22,Australia,763.0,0.0,7461.0,102.0,577.0,66525,0,1,1,0,4,1,0
172,2020-06-23,Australia,819.0,2.0,7474.0,102.0,597.0,24972,2,1,1,0,4,1,0
173,2020-06-24,Australia,921.0,2.0,7492.0,102.0,627.0,47603,2,1,1,0,4,1,0
174,2020-06-25,Australia,966.0,2.0,7521.0,103.0,637.0,51917,2,1,1,0,4,1,0
175,2020-06-26,Australia,1058.0,2.0,7558.0,104.0,641.0,49498,2,1,1,0,4,1,0
176,2020-06-27,Australia,1104.0,2.0,7595.0,104.0,693.0,54222,2,1,1,0,4,1,0
177,2020-06-28,Australia,1191.0,3.0,7641.0,104.0,757.0,43114,2,1,1,0,4,1,0
178,2020-06-29,Australia,1348.0,4.0,7686.0,104.0,797.0,36520,2,1,1,0,4,1,0
179,2020-06-30,Australia,1394.0,2.0,7767.0,104.0,880.0,40287,2,1,1,0,4,1,0
180,2020-07-01,Australia,1496.0,2.0,7834.0,104.0,911.0,49941,3,2,2,2,4,1,0
181,2020-07-02,Australia,1609.0,5.0,7920.0,104.0,936.0,57859,3,2,2,2,4,1,0
182,2020-07-03,Australia,1751.0,7.0,8001.0,104.0,941.0,54078,3,2,2,2,4,1,0
183,2020-07-04,Australia,1876.0,10.0,8255.0,104.0,1044.0,50176,3,2,2,2,4,1,0
184,2020-07-05,Australia,1888.0,11.0,8362.0,104.0,1163.0,45399,3,2,2,2,4,1,0
185,2020-07-06,Australia,2005.0,14.0,8449.0,104.0,1300.0,45730,3,2,2,2,4,1,0
186,2020-07-07,Australia,2089.0,15.0,8586.0,106.0,1399.0,41942,3,2,2,2,4,1,0
187,2020-07-08,Australia,2177.0,18.0,8755.0,106.0,1483.0,55299,3,2,2,3,4,1,0
188,2020-07-09,Australia,2401.0,17.0,8886.0,106.0,1798.0,54425,3,2,2,3,4,1,0
189,2020-07-10,Australia,2496.0,20.0,9059.0,106.0,1820.0,59437,3,2,2,3,4,1,0
190,2020-07-11,Australia,2360.0,23.0,9359.0,106.0,2070.0,51225,3,2,2,3,4,1,0
191,2020-07-12,Australia,2509.0,27.0,9553.0,107.0,2211.0,53995,3,2,2,3,4,1,0
192,2020-07-13,Australia,2601.0,33.0,9797.0,108.0,2416.0,42300,2,2,2,3,4,1,0
193,2020-07-14,Australia,2866.0,38.0,9980.0,108.0,2559.0,44449,2,2,2,3,4,1,0
194,2020-07-15,Australia,2876.0,41.0,10251.0,108.0,2775.0,59904,2,2,2,3,4,1,0
195,2020-07-16,Australia,2686.0,48.0,10495.0,111.0,3119.0,65575,2,2,2,2,4,1,0
196,2020-07-17,Australia,2997.0,56.0,10810.0,113.0,3279.0,62728,2,2,2,2,4,1,0
197,2020-07-18,Australia,3310.0,57.0,11235.0,116.0,3528.0,63387,2,2,2,2,4,1,0
198,2020-07-19,Australia,3332.0,55.0,11441.0,118.0,3674.0,62632,2,2,2,2,4,1,0
199,2020-07-20,Australia,3520.0,53.0,11802.0,122.0,4030.0,57962,2,2,2,2,4,1,0
200,2020-07-21,Australia,3383.0,60.0,12069.0,123.0,4349.0,56310,2,2,2,2,4,1,0
201,2020-07-22,Australia,3425.0,65.0,12428.0,126.0,4532.0,59794,2,2,2,2,4,1,0
202,2020-07-23,Australia,3862.0,71.0,12896.0,128.0,4820.0,69308,2,2,2,2,4,1,0
203,2020-07-24,Australia,3559.0,66.0,13306.0,133.0,5012.0,75584,2,2,2,2,4,1,0
204,2020-07-25,Australia,3367.0,70.0,13595.0,139.0,5384.0,64084,2,2,2,2,4,1,0
205,2020-07-26,Australia,3416.0,78.0,13950.0,145.0,5761.0,75619,2,2,2,2,4,1,0
206,2020-07-27,Australia,3161.0,87.0,14403.0,155.0,5992.0,51966,2,2,2,2,4,1,0
207,2020-07-28,Australia,3079.0,92.0,14935.0,161.0,5965.0,55580,2,2,2,2,4,1,0
208,2020-07-29,Australia,2984.0,99.0,15304.0,167.0,6679.0,55579,2,2,2,2,4,1,0
209,2020-07-30,Australia,2683.0,105.0,15582.0,176.0,7144.0,66205,2,2,2,2,4,1,0
210,2020-07-31,Australia,2496.0,106.0,16303.0,189.0,7297.0,71385,2,2,2,2,4,1,0
211,2020-08-01,Australia,2471.0,109.0,16905.0,196.0,7691.0,71385,2,2,2,2,4,1,0
212,2020-08-02,Australia,2337.0,101.0,17282.0,200.0,7696.0,39158,2,3,2,3,4,1,0
213,2020-08-03,Australia,2204.0,101.0,17923.0,208.0,8107.0,40529,3,3,2,3,4,1,0
214,2020-08-04,Australia,2162.0,108.0,18318.0,221.0,8646.0,94706,3,3,2,3,4,1,0
215,2020-08-05,Australia,2060.0,107.0,18729.0,232.0,8949.0,70464,3,3,2,3,4,1,0
216,2020-08-06,Australia,1866.0,98.0,19444.0,247.0,9153.0,80008,3,3,2,3,4,1,0
217,2020-08-07,Australia,1878.0,102.0,19862.0,255.0,9138.0,91937,3,3,2,3,4,1,0
218,2020-08-08,Australia,1664.0,97.0,20272.0,266.0,9210.0,40197,3,3,2,3,4,1,0
219,2020-08-09,Australia,1567.0,106.0,20698.0,278.0,9521.0,93191,3,3,2,3,4,1,0
220,2020-08-10,Australia,1524.0,106.0,21084.0,295.0,9569.0,61132,3,3,2,3,4,1,0
221,2020-08-11,Australia,1357.0,96.0,21397.0,313.0,9732.0,61626,3,3,2,3,4,1,0
222,2020-08-12,Australia,1280.0,87.0,21713.0,331.0,9579.0,61172,3,3,2,3,4,1,0
223,2020-08-13,Australia,1212.0,99.0,22127.0,352.0,9741.0,68441,3,3,2,3,4,1,0
224,2020-08-14,Australia,1086.0,109.0,22358.0,361.0,9403.0,70629,3,3,2,3,4,1,0
225,2020-08-15,Australia,1041.0,111.0,22743.0,375.0,9654.0,63370,3,3,2,3,4,1,0
226,2020-08-16,Australia,945.0,115.0,23035.0,379.0,9475.0,53774,3,3,2,3,4,1,0
227,2020-08-17,Australia,858.0,109.0,23288.0,396.0,9237.0,38539,3,3,2,3,4,1,0
228,2020-08-18,Australia,830.0,135.0,23559.0,421.0,9062.0,44516,3,3,2,3,4,1,0
229,2020-08-19,Australia,766.0,132.0,23773.0,438.0,8989.0,59882,3,3,2,3,4,1,0
230,2020-08-20,Australia,718.0,114.0,23993.0,450.0,6555.0,68336,3,3,2,3,4,1,0
231,2020-08-21,Australia,727.0,106.0,24236.0,463.0,6144.0,65919,3,3,2,3,4,1,0
232,2020-08-22,Australia,688.0,154.0,24407.0,472.0,6053.0,65918,3,3,2,3,4,1,0
233,2020-08-23,Australia,660.0,148.0,24602.0,485.0,5684.0,65919,3,3,2,3,4,1,0
234,2020-08-24,Australia,609.0,142.0,24812.0,502.0,5452.0,51447,3,3,2,3,4,1,0
235,2020-08-25,Australia,576.0,110.0,24916.0,517.0,5106.0,56675,3,3,2,3,4,1,0
236,2020-08-26,Australia,555.0,113.0,25053.0,525.0,5223.0,71703,3,3,2,3,4,1,0
237,2020-08-27,Australia,542.0,118.0,25205.0,549.0,5083.0,86268,3,3,2,3,4,1,0
238,2020-08-28,Australia,464.0,110.0,25322.0,572.0,4916.0,65183,3,3,2,2,4,1,0
239,2020-08-29,Australia,429.0,60.0,25448.0,583.0,4812.0,65183,3,3,2,2,4,1,0
240,2020-08-30,Australia,400.0,55.0,25547.0,600.0,4632.0,65183,3,3,2,2,4,1,0
241,2020-08-31,Australia,372.0,57.0,25670.0,611.0,4471.0,46224,3,3,2,2,4,1,0
242,2020-01-03,Brazil,0.0,0.0,0.0,0.0,0.0,0,0,0,0,0,0,0,0
243,2020-01-04,Brazil,0.0,0.0,0.0,0.0,0.0,0,0,0,0,0,0,0,0
244,2020-01-05,Brazil,0.0,0.0,0.0,0.0,0.0,0,0,0,0,0,0,0,0
245,2020-01-06,Brazil,0.0,0.0,0.0,0.0,0.0,0,0,0,0,0,0,0,0
246,2020-01-07,Brazil,0.0,0.0,0.0,0.0,0.0,0,0,0,0,0,0,0,0
247,2020-01-08,Brazil,0.0,0.0,0.0,0.0,0.0,0,0,0,0,0,0,0,0
248,2020-01-09,Brazil,0.0,0.0,0.0,0.0,0.0,0,0,0,0,0,0,0,0
249,2020-01-10,Brazil,0.0,0.0,0.0,0.0,0.0,0,0,0,0,0,0,0,0
250,2020-01-11,Brazil,0.0,0.0,0.0,0.0,0.0,0,0,0,0,0,0,0,0
251,2020-01-12,Brazil,0.0,0.0,0.0,0.0,0.0,0,0,0,0,0,0,0,0
252,2020-01-13,Brazil,0.0,0.0,0.0,0.0,0.0,0,0,0,0,0,0,0,0
253,2020-01-14,Brazil,0.0,0.0,0.0,0.0,0.0,0,0,0,0,0,0,0,0
254,2020-01-15,Brazil,0.0,0.0,0.0,0.0,0.0,0,0,0,0,0,0,0,0
255,2020-01-16,Brazil,0.0,0.0,0.0,0.0,0.0,0,0,0,0,0,0,0,0
256,2020-01-17,Brazil,0.0,0.0,0.0,0.0,0.0,0,0,0,0,0,0,0,0
257,2020-01-18,Brazil,0.0,0.0,0.0,0.0,0.0,0,0,0,0,0,0,0,0
258,2020-01-19,Brazil,0.0,0.0,0.0,0.0,0.0,0,0,0,0,0,0,0,0
259,2020-01-20,Brazil,0.0,0.0,0.0,0.0,0.0,0,0,0,0,0,0,0,0
260,2020-01-21,Brazil,0.0,0.0,0.0,0.0,0.0,0,0,0,0,0,0,0,0
261,2020-01-22,Brazil,0.0,0.0,0.0,0.0,0.0,0,0,0,0,0,0,0,0
262,2020-01-23,Brazil,0.0,0.0,0.0,0.0,0.0,0,0,0,0,0,0,0,0
263,2020-01-24,Brazil,0.0,0.0,0.0,0.0,0.0,0,0,0,0,0,0,0,0
264,2020-01-25,Brazil,0.0,0.0,0.0,0.0,0.0,0,0,0,0,0,0,0,0
265,2020-01-26,Brazil,0.0,0.0,0.0,0.0,0.0,0,0,0,0,0,0,0,0
266,2020-01-27,Brazil,0.0,0.0,0.0,0.0,0.0,0,0,0,0,0,0,0,0
267,2020-01-28,Brazil,0.0,0.0,0.0,0.0,0.0,0,0,0,0,0,0,0,0
268,2020-01-29,Brazil,0.0,0.0,0.0,0.0,0.0,0,0,0,0,0,0,0,0
269,2020-01-30,Brazil,0.0,0.0,0.0,0.0,0.0,0,0,0,0,0,0,0,0
270,2020-01-31,Brazil,0.0,0.0,0.0,0.0,0.0,0,0,0,0,0,0,0,0
271,2020-02-01,Brazil,0.0,0.0,0.0,0.0,0.0,0,0,0,0,0,0,0,0
272,2020-02-02,Brazil,0.0,0.0,0.0,0.0,0.0,0,0,0,0,0,0,0,0
273,2020-02-03,Brazil,0.0,0.0,0.0,0.0,0.0,0,0,0,0,0,0,0,0
274,2020-02-04,Brazil,0.0,0.0,0.0,0.0,0.0,0,0,0,0,0,0,0,0
275,2020-02-05,Brazil,0.0,0.0,0.0,0.0,0.0,0,0,0,0,0,0,0,0
276,2020-02-06,Brazil,0.0,0.0,0.0,0.0,0.0,0,0,0,0,0,0,0,0
277,2020-02-07,Brazil,0.0,0.0,0.0,0.0,0.0,0,0,0,0,0,0,0,0
278,2020-02-08,Brazil,0.0,0.0,0.0,0.0,0.0,0,0,0,0,0,0,0,0
279,2020-02-09,Brazil,0.0,0.0,0.0,0.0,0.0,0,0,0,0,0,0,0,0
280,2020-02-10,Brazil,0.0,0.0,0.0,0.0,0.0,0,0,0,0,0,0,0,0
281,2020-02-11,Brazil,0.0,0.0,0.0,0.0,0.0,0,0,0,0,0,0,0,0
282,2020-02-12,Brazil,5.0,0.0,0.0,0.0,0.0,0,0,0,0,0,0,0,0
283,2020-02-13,Brazil,5.0,0.0,0.0,0.0,0.0,0,0,0,0,0,0,0,0
284,2020-02-14,Brazil,5.0,0.0,0.0,0.0,0.0,0,0,0,0,0,0,0,0
285,2020-02-15,Brazil,5.0,0.0,0.0,0.0,0.0,0,0,0,0,0,0,0,0
286,2020-02-16,Brazil,6.0,0.0,0.0,0.0,0.0,0,0,0,0,0,0,0,0
287,2020-02-17,Brazil,6.0,0.0,0.0,0.0,0.0,0,0,0,0,0,0,0,0
288,2020-02-18,Brazil,6.0,0.0,0.0,0.0,0.0,0,0,0,0,0,0,0,0
289,2020-02-19,Brazil,2.0,0.0,0.0,0.0,0.0,0,0,0,0,0,0,0,0
290,2020-02-20,Brazil,6.0,0.0,0.0,0.0,0.0,0,0,0,0,0,0,0,0
291,2020-02-21,Brazil,7.0,0.0,0.0,0.0,0.0,0,0,0,0,0,0,0,0
292,2020-02-22,Brazil,18.0,0.0,0.0,0.0,0.0,0,0,0,0,0,0,0,0
293,2020-02-23,Brazil,17.0,0.0,0.0,0.0,0.0,0,0,0,0,0,0,0,0
294,2020-02-24,Brazil,23.0,0.0,0.0,0.0,0.0,0,0,0,0,0,0,0,0
295,2020-02-25,Brazil,23.0,0.0,0.0,0.0,0.0,0,0,0,0,0,0,0,0
296,2020-02-26,Brazil,31.0,0.0,5.0,0.0,1.0,1500,0,0,0,0,0,0,0
297,2020-02-27,Brazil,45.0,0.0,5.0,0.0,1.0,1499,0,0,0,0,0,0,0
298,2020-02-28,Brazil,90.0,0.0,5.0,0.0,1.0,1500,0,0,0,0,0,0,0
299,2020-02-29,Brazil,102.0,0.0,5.0,0.0,2.0,1500,0,0,0,0,0,0,0
300,2020-03-01,Brazil,102.0,0.0,6.0,0.0,2.0,1499,0,0,0,0,0,0,0
301,2020-03-02,Brazil,175.0,0.0,6.0,0.0,2.0,1500,0,0,0,0,0,0,0
302,2020-03-03,Brazil,209.0,0.0,6.0,0.0,2.0,1500,0,0,0,0,0,0,0
303,2020-03-04,Brazil,257.0,1.0,7.0,0.0,4.0,1499,0,0,0,0,0,0,0
304,2020-03-05,Brazil,372.0,4.0,11.0,0.0,4.0,1500,0,0,0,0,0,0,0
305,2020-03-06,Brazil,519.0,4.0,12.0,0.0,13.0,1499,0,0,0,0,0,0,0
306,2020-03-07,Brazil,779.0,11.0,23.0,0.0,13.0,1500,0,0,0,0,0,0,0
307,2020-03-08,Brazil,779.0,11.0,23.0,0.0,20.0,1500,0,0,0,0,0,0,0
308,2020-03-09,Brazil,700.0,11.0,29.0,0.0,25.0,1499,0,0,0,0,0,0,0
309,2020-03-10,Brazil,1963.0,46.0,29.0,0.0,31.0,1500,0,0,0,0,0,0,0
310,2020-03-11,Brazil,1906.0,45.0,38.0,0.0,38.0,1500,0,0,0,0,0,0,0
311,2020-03-12,Brazil,2005.0,53.0,56.0,0.0,52.0,1499,3,0,2,0,0,0,0
312,2020-03-13,Brazil,1812.0,53.0,102.0,0.0,151.0,1500,3,1,2,1,2,0,0
313,2020-03-14,Brazil,2011.0,66.0,125.0,0.0,151.0,1500,3,1,2,1,2,0,0
314,2020-03-15,Brazil,2513.0,81.0,125.0,0.0,162.0,1499,3,1,2,1,2,0,0
315,2020-03-16,Brazil,3000.0,103.0,204.0,0.0,199.0,1500,3,1,2,1,2,0,0
316,2020-03-17,Brazil,2055.0,90.0,238.0,0.0,319.0,1500,3,3,2,1,2,0,0
317,2020-03-18,Brazil,2378.0,113.0,295.0,1.0,370.0,1499,3,3,2,1,2,0,0
318,2020-03-19,Brazil,3284.0,144.0,428.0,4.0,619.0,1500,3,3,2,1,3,0,0
319,2020-03-20,Brazil,4403.0,184.0,621.0,4.0,791.0,1499,3,3,2,1,3,0,0
320,2020-03-21,Brazil,4995.0,222.0,904.0,11.0,1019.0,1500,3,3,2,1,3,0,0
321,2020-03-22,Brazil,5639.0,267.0,904.0,11.0,1544.0,1500,3,3,2,1,3,0,0
322,2020-03-23,Brazil,6374.0,318.0,904.0,11.0,1922.0,1499,3,3,2,1,3,1,0
323,2020-03-24,Brazil,6874.0,350.0,2201.0,46.0,2245.0,1500,3,3,2,1,3,1,0
324,2020-03-25,Brazil,7477.0,394.0,2201.0,46.0,2552.0,1500,3,3,2,1,3,1,0
325,2020-03-26,Brazil,8000.0,466.0,2433.0,57.0,2979.0,1499,3,3,2,1,3,1,0
326,2020-03-27,Brazil,9091.0,559.0,2433.0,57.0,3411.0,1500,3,3,2,1,4,1,0
327,2020-03-28,Brazil,9947.0,642.0,2915.0,77.0,3898.0,1500,3,3,2,1,4,1,0
328,2020-03-29,Brazil,10582.0,697.0,3417.0,92.0,4250.0,1499,3,3,2,1,4,1,0
329,2020-03-30,Brazil,10449.0,692.0,3904.0,114.0,4459.0,1500,3,3,2,1,4,1,0
330,2020-03-31,Brazil,11039.0,737.0,4256.0,136.0,5590.0,1500,3,3,2,1,4,1,0
331,2020-04-01,Brazil,11374.0,775.0,4579.0,159.0,6709.0,1499,3,3,2,1,4,1,0
332,2020-04-02,Brazil,11545.0,865.0,5717.0,201.0,7917.0,1500,3,3,2,1,4,1,0
333,2020-04-03,Brazil,12393.0,936.0,6836.0,241.0,8929.0,1499,3,3,2,1,4,1,0
334,2020-04-04,Brazil,12568.0,983.0,7910.0,299.0,10233.0,1500,3,3,2,1,4,1,0
335,2020-04-05,Brazil,14044.0,1085.0,9056.0,359.0,11003.0,1500,3,3,2,1,4,1,0
336,2020-04-06,Brazil,15872.0,1223.0,10278.0,432.0,12034.0,1499,3,3,2,1,4,1,0
337,2020-04-07,Brazil,16485.0,1239.0,11130.0,486.0,13907.0,1500,3,3,2,1,4,1,0
338,2020-04-08,Brazil,17151.0,1247.0,12056.0,553.0,16043.0,5345,3,3,2,1,4,1,0
339,2020-04-09,Brazil,17817.0,1209.0,13717.0,667.0,17919.0,5345,3,3,2,1,4,1,0
340,2020-04-10,Brazil,17437.0,1170.0,15927.0,800.0,19465.0,5344,3,3,2,1,4,1,0
341,2020-04-11,Brazil,19067.0,1389.0,17857.0,941.0,20554.0,5345,3,3,2,1,4,1,0
342,2020-04-12,Brazil,19313.0,1529.0,19638.0,1056.0,22019.0,5345,3,3,2,1,4,1,0
343,2020-04-13,Brazil,21910.0,1669.0,20727.0,1124.0,23257.0,5345,3,3,2,1,4,1,0
344,2020-04-14,Brazil,23234.0,1743.0,22169.0,1223.0,22216.0,5344,3,3,2,1,4,1,0
345,2020-04-15,Brazil,25920.0,1968.0,23430.0,1328.0,14294.0,5345,3,3,2,1,4,1,0
346,2020-04-16,Brazil,28807.0,2276.0,25262.0,1532.0,16399.0,5345,3,3,2,1,4,1,0
347,2020-04-17,Brazil,32405.0,2560.0,28320.0,1736.0,19656.0,5345,3,3,2,1,4,1,0
348,2020-04-18,Brazil,35888.0,2588.0,30425.0,1924.0,22632.0,5344,3,3,2,1,4,1,0
349,2020-04-19,Brazil,38594.0,2659.0,33682.0,2141.0,16524.0,5345,3,3,2,1,4,1,0
350,2020-04-20,Brazil,38050.0,2734.0,36599.0,2347.0,18613.0,5345,3,3,2,1,4,1,0
351,2020-04-21,Brazil,39259.0,2820.0,38654.0,2462.0,20088.0,9039,3,3,2,1,4,1,0
352,2020-04-22,Brazil,41279.0,2778.0,40581.0,2575.0,20439.0,9040,3,3,2,1,4,1,0
353,2020-04-23,Brazil,42829.0,2904.0,43079.0,2741.0,23463.0,9039,3,3,2,1,4,1,0
354,2020-04-24,Brazil,47056.0,3070.0,45757.0,2906.0,26388.0,9039,3,3,2,1,4,1,0
355,2020-04-25,Brazil,49726.0,3245.0,49492.0,3313.0,30164.0,9040,3,3,2,1,4,1,0
356,2020-04-26,Brazil,53739.0,3568.0,52995.0,3670.0,32948.0,9039,3,3,2,1,4,1,0
357,2020-04-27,Brazil,59380.0,3877.0,58509.0,4016.0,36304.0,9039,3,3,2,1,4,1,0
358,2020-04-28,Brazil,61552.0,4098.0,61888.0,4205.0,40691.0,9039,3,3,2,1,4,1,0
359,2020-04-29,Brazil,60551.0,4198.0,66501.0,4543.0,45553.0,9040,3,3,2,1,4,1,0
360,2020-04-30,Brazil,62874.0,4479.0,71886.0,5017.0,51252.0,9039,3,3,2,1,4,1,0
361,2020-05-01,Brazil,63756.0,4613.0,78162.0,5466.0,54163.0,9039,3,3,2,1,4,1,0
362,2020-05-02,Brazil,67812.0,4847.0,85380.0,5901.0,56163.0,9040,3,3,2,1,4,1,0
363,2020-05-03,Brazil,72895.0,4920.0,91589.0,6329.0,58835.0,9039,3,3,2,1,4,1,0
364,2020-05-04,Brazil,77203.0,5006.0,96559.0,6750.0,62805.0,9039,3,3,2,1,4,1,0
365,2020-05-05,Brazil,78381.0,4995.0,101147.0,7025.0,67234.0,9040,3,3,2,2,4,1,0
366,2020-05-06,Brazil,85889.0,5273.0,107780.0,7321.0,75241.0,9039,3,3,2,2,4,1,0
367,2020-05-07,Brazil,94039.0,5571.0,114715.0,7921.0,80423.0,9039,3,3,2,2,4,1,0
368,2020-05-08,Brazil,102605.0,5710.0,125218.0,8536.0,87597.0,9040,3,3,2,2,4,1,0
369,2020-05-09,Brazil,107169.0,6054.0,135106.0,9146.0,94376.0,9039,3,3,2,2,4,1,0
370,2020-05-10,Brazil,112667.0,6231.0,145328.0,9897.0,97742.0,9039,3,3,2,2,4,1,0
371,2020-05-11,Brazil,114256.0,6380.0,155939.0,10627.0,102210.0,9039,3,3,2,2,4,1,0
372,2020-05-12,Brazil,122131.0,6548.0,162699.0,11123.0,105617.0,9040,3,3,2,2,4,1,0
373,2020-05-13,Brazil,120678.0,6681.0,168331.0,11519.0,111713.0,9039,3,3,2,2,4,1,1
374,2020-05-14,Brazil,119594.0,6541.0,177589.0,12400.0,123686.0,9039,3,3,2,2,4,1,1
375,2020-05-15,Brazil,120242.0,6739.0,188974.0,13149.0,135321.0,9040,3,3,2,2,4,1,1
376,2020-05-16,Brazil,128151.0,6707.0,202918.0,13993.0,143839.0,9039,3,3,2,2,4,1,1
377,2020-05-17,Brazil,134276.0,6830.0,218223.0,14817.0,146958.0,9039,3,3,2,2,4,1,1
378,2020-05-18,Brazil,151042.0,6821.0,233142.0,15633.0,154909.0,9040,3,3,2,2,4,1,1
379,2020-05-19,Brazil,151638.0,6648.0,241080.0,16118.0,165091.0,9039,3,3,2,2,4,1,1
380,2020-05-20,Brazil,151549.0,6464.0,254220.0,16792.0,174896.0,9039,3,3,2,2,4,1,1
381,2020-05-21,Brazil,164161.0,6687.0,271628.0,17971.0,184127.0,9040,3,3,2,2,4,1,1
382,2020-05-22,Brazil,172195.0,6950.0,291579.0,18859.0,195460.0,9039,3,3,2,2,4,1,1
383,2020-05-23,Brazil,176703.0,7267.0,310087.0,20047.0,204811.0,9039,3,3,2,2,4,1,1
384,2020-05-24,Brazil,180605.0,7148.0,330890.0,21048.0,213300.0,9039,3,3,2,2,4,1,1
385,2020-05-25,Brazil,174406.0,7096.0,347398.0,22013.0,221065.0,9040,3,3,2,2,4,1,1
386,2020-05-26,Brazil,176909.0,7141.0,363211.0,22666.0,232629.0,9039,3,3,2,2,4,1,1
387,2020-05-27,Brazil,180965.0,7197.0,374898.0,23473.0,245174.0,9039,3,3,2,2,4,1,1
388,2020-05-28,Brazil,184120.0,7207.0,391222.0,24512.0,260634.0,9040,3,3,2,2,4,1,1
389,2020-05-29,Brazil,188400.0,7132.0,411821.0,25598.0,275690.0,9039,3,3,2,2,4,1,1
390,2020-05-30,Brazil,187887.0,6898.0,438238.0,26754.0,297548.0,31052,3,3,2,2,4,1,1
391,2020-05-31,Brazil,183039.0,6802.0,465166.0,27878.0,308294.0,31052,3,3,2,2,4,1,1
392,2020-06-01,Brazil,177668.0,6790.0,498440.0,28834.0,315367.0,31053,3,2,2,2,4,1,1
393,2020-06-02,Brazil,175866.0,6877.0,514849.0,29314.0,331745.0,31052,3,2,2,2,4,1,1
394,2020-06-03,Brazil,180859.0,6825.0,526447.0,29937.0,345399.0,31052,3,2,2,2,4,1,1
395,2020-06-04,Brazil,183686.0,6835.0,555383.0,31199.0,359978.0,31052,3,2,2,2,4,1,1
396,2020-06-05,Brazil,182961.0,6830.0,584016.0,32548.0,378831.0,31053,3,2,2,2,4,1,1
397,2020-06-06,Brazil,175314.0,6829.0,614941.0,34021.0,395697.0,31052,3,2,2,2,4,1,1
398,2020-06-07,Brazil,204103.0,7126.0,645771.0,35026.0,407806.0,31052,3,2,2,2,4,1,1
399,2020-06-08,Brazil,217065.0,7256.0,672846.0,35930.0,329155.0,31052,3,2,2,2,4,1,0
400,2020-06-09,Brazil,217414.0,7285.0,691758.0,36455.0,342766.0,31052,3,2,2,2,4,1,0
401,2020-06-10,Brazil,218199.0,7312.0,707412.0,37134.0,358500.0,31053,3,2,2,2,4,1,0
402,2020-06-11,Brazil,222717.0,7404.0,739503.0,38406.0,372863.0,31052,3,2,2,2,4,1,0
403,2020-06-12,Brazil,233254.0,7320.0,772416.0,39680.0,383687.0,31052,3,2,2,2,4,1,0
404,2020-06-13,Brazil,249972.0,7223.0,802828.0,40919.0,391078.0,31052,3,2,2,2,4,1,0
405,2020-06-14,Brazil,242061.0,7007.0,828810.0,41828.0,398483.0,31053,3,2,2,2,4,1,0
406,2020-06-15,Brazil,246088.0,7094.0,850514.0,42720.0,410562.0,31052,3,2,2,2,4,1,0
407,2020-06-16,Brazil,259105.0,7005.0,867624.0,43332.0,433184.0,31052,3,2,2,2,4,1,0
408,2020-06-17,Brazil,261725.0,7043.0,888271.0,43959.0,434331.0,31052,3,2,2,2,4,1,0
409,2020-06-18,Brazil,256135.0,6949.0,923189.0,45241.0,443562.0,31052,3,2,2,2,4,1,0
410,2020-06-19,Brazil,260122.0,6802.0,955377.0,46510.0,481282.0,31053,3,2,2,2,4,1,0
411,2020-06-20,Brazil,268744.0,6913.0,978142.0,47748.0,490800.0,31052,3,2,2,2,4,1,0
412,2020-06-21,Brazil,264107.0,7213.0,1032913.0,48954.0,495223.0,31052,3,2,2,2,4,1,0
413,2020-06-22,Brazil,263337.0,7195.0,1067579.0,49976.0,504734.0,31052,3,2,2,2,4,1,0
414,2020-06-23,Brazil,258912.0,7245.0,1085038.0,50617.0,517943.0,31052,3,2,2,2,4,1,0
415,2020-06-24,Brazil,255089.0,7173.0,1106470.0,51271.0,528162.0,31053,3,2,2,2,4,1,0
416,2020-06-25,Brazil,266548.0,7147.0,1145906.0,52645.0,548590.0,31052,3,2,2,2,4,1,0
417,2020-06-26,Brazil,264407.0,7332.0,1188631.0,53830.0,572575.0,31052,3,2,2,2,4,1,0
418,2020-06-27,Brazil,258921.0,7300.0,1228114.0,54971.0,585952.0,31052,3,2,2,2,4,1,0
419,2020-06-28,Brazil,261746.0,7224.0,1274974.0,55961.0,598125.0,31053,3,2,2,2,4,1,0
420,2020-06-29,Brazil,262846.0,7204.0,1313667.0,57070.0,610384.0,31052,3,2,2,2,4,1,0
421,2020-06-30,Brazil,261626.0,7233.0,1344143.0,57622.0,613723.0,31052,3,2,2,2,4,1,0
422,2020-07-01,Brazil,261683.0,7346.0,1368195.0,58314.0,631111.0,161388,3,2,2,2,4,1,0
423,2020-07-02,Brazil,258235.0,7392.0,1402041.0,59594.0,539166.0,161388,3,2,2,2,4,1,0
424,2020-07-03,Brazil,253588.0,7402.0,1448753.0,60632.0,554466.0,161388,3,3,2,2,4,1,0
425,2020-07-04,Brazil,256372.0,7504.0,1496858.0,61884.0,586273.0,161388,3,3,2,2,4,1,0
426,2020-07-05,Brazil,245501.0,7453.0,1539081.0,63174.0,574010.0,14226,3,3,2,2,4,1,0
427,2020-07-06,Brazil,235010.0,7303.0,1577004.0,64265.0,560742.0,14225,3,3,2,2,4,1,0
428,2020-07-07,Brazil,233708.0,7388.0,1603055.0,64867.0,561577.0,14226,3,3,2,2,4,1,0
429,2020-07-08,Brazil,233679.0,7287.0,1623284.0,65487.0,573316.0,14226,3,3,2,2,4,1,0
430,2020-07-09,Brazil,232830.0,7354.0,1668589.0,66741.0,584332.0,14226,3,3,2,2,4,1,0
431,2020-07-10,Brazil,260766.0,7405.0,1713160.0,67964.0,583466.0,14225,3,3,2,2,4,1,0
432,2020-07-11,Brazil,275324.0,7394.0,1755779.0,69184.0,595762.0,14226,3,3,2,2,4,1,0
433,2020-07-12,Brazil,297038.0,7387.0,1800827.0,70398.0,599838.0,31275,3,3,2,2,4,1,0
434,2020-07-13,Brazil,319653.0,7677.0,1839850.0,71469.0,593716.0,31275,3,3,2,2,4,1,0
435,2020-07-14,Brazil,320702.0,7516.0,1864681.0,72100.0,603399.0,31275,3,3,2,2,4,1,0
436,2020-07-15,Brazil,323729.0,7498.0,1884967.0,72833.0,616650.0,31275,3,3,2,2,4,1,0
437,2020-07-16,Brazil,323537.0,7052.0,1926824.0,74133.0,614620.0,31275,3,3,2,2,4,1,0
438,2020-07-17,Brazil,324751.0,7363.0,1966748.0,75366.0,617808.0,31274,3,3,2,2,4,1,0
439,2020-07-18,Brazil,322627.0,7181.0,2012151.0,76688.0,627452.0,31275,3,3,2,2,4,1,0
440,2020-07-19,Brazil,319119.0,7237.0,2046328.0,77851.0,639317.0,31275,3,3,2,2,4,1,0
441,2020-07-20,Brazil,313364.0,7114.0,2074860.0,78772.0,604346.0,31275,3,3,2,2,4,1,0
442,2020-07-21,Brazil,314586.0,7100.0,2098389.0,79488.0,604315.0,31275,3,3,2,2,4,1,0
443,2020-07-22,Brazil,307943.0,7047.0,2118646.0,80120.0,635539.0,35594,3,3,2,2,4,1,0
444,2020-07-23,Brazil,318730.0,7280.0,2159654.0,81487.0,667162.0,35594,3,3,2,2,4,1,0
445,2020-07-24,Brazil,306808.0,7122.0,2227514.0,82771.0,650152.0,35593,3,3,2,2,4,1,0
446,2020-07-25,Brazil,302110.0,7230.0,2287475.0,84082.0,609154.0,35594,3,3,2,2,4,1,0
447,2020-07-26,Brazil,299957.0,7097.0,2343366.0,85238.0,606178.0,79655,3,3,2,2,4,1,0
448,2020-07-27,Brazil,304535.0,6914.0,2394513.0,86449.0,595734.0,79655,3,3,2,2,4,1,0
449,2020-07-28,Brazil,301745.0,6945.0,2419091.0,87004.0,614442.0,79655,3,3,2,2,4,1,0
450,2020-07-29,Brazil,307152.0,7087.0,2442375.0,87618.0,629463.0,79655,3,3,2,2,1,1,0
451,2020-07-30,Brazil,307709.0,7207.0,2483191.0,88539.0,653295.0,79655,3,3,2,2,1,1,0
452,2020-07-31,Brazil,305712.0,6945.0,2552265.0,90134.0,653631.0,79655,3,3,2,2,1,1,0
453,2020-08-01,Brazil,312664.0,6970.0,2610102.0,91263.0,669895.0,79655,3,3,2,2,1,1,0
454,2020-08-02,Brazil,313078.0,6951.0,2662485.0,92475.0,670801.0,79655,3,3,2,2,1,1,0
455,2020-08-03,Brazil,304684.0,6755.0,2707877.0,93563.0,651342.0,82359,3,3,2,2,1,1,0
456,2020-08-04,Brazil,304775.0,6803.0,2733677.0,94104.0,644437.0,82359,3,3,2,2,1,1,0
457,2020-08-05,Brazil,302100.0,6784.0,2750318.0,94665.0,668712.0,82360,3,3,2,2,1,1,0
458,2020-08-06,Brazil,297724.0,6862.0,2801921.0,95819.0,681670.0,82359,3,3,2,2,1,1,0
459,2020-08-07,Brazil,291867.0,6899.0,2859073.0,97256.0,690143.0,82359,3,3,2,2,1,1,0
460,2020-08-08,Brazil,277099.0,6841.0,2912212.0,98493.0,690875.0,82359,3,3,2,2,1,1,0
461,2020-08-09,Brazil,256810.0,6835.0,2962442.0,99572.0,678439.0,48904,3,3,2,2,1,1,0
462,2020-08-10,Brazil,265266.0,7018.0,3012412.0,100477.0,666640.0,48905,3,3,2,2,1,1,0
463,2020-08-11,Brazil,265586.0,6892.0,3035422.0,101049.0,660292.0,48904,3,3,2,2,1,1,0
464,2020-08-12,Brazil,263291.0,6773.0,3057470.0,101752.0,658557.0,48904,3,3,2,2,1,1,0
465,2020-08-13,Brazil,262641.0,6692.0,3109630.0,103026.0,703776.0,48904,3,3,2,2,1,1,0
466,2020-08-14,Brazil,260504.0,6565.0,3164785.0,104201.0,658539.0,48905,3,3,2,2,1,1,0
467,2020-08-15,Brazil,259416.0,6345.0,3224876.0,105463.0,694218.0,48904,3,3,2,2,1,1,0
468,2020-08-16,Brazil,272473.0,6146.0,3275520.0,106523.0,685180.0,92185,3,3,2,2,1,1,0
469,2020-08-17,Brazil,263791.0,6212.0,3317096.0,107232.0,660490.0,92185,3,3,2,2,1,1,0
470,2020-08-18,Brazil,256528.0,6084.0,3340197.0,107852.0,656108.0,92185,3,3,2,2,1,1,0
471,2020-08-19,Brazil,285411.0,6072.0,3359570.0,108536.0,654721.0,92186,3,3,2,2,1,1,0
472,2020-08-20,Brazil,280936.0,6016.0,3407354.0,109888.0,657657.0,92185,3,3,2,2,1,1,0
473,2020-08-21,Brazil,280709.0,6115.0,3456652.0,111100.0,676772.0,92185,3,3,2,2,1,1,0
474,2020-08-22,Brazil,280247.0,5965.0,3501975.0,112304.0,668396.0,92185,3,3,2,2,1,1,0
475,2020-08-23,Brazil,288029.0,6017.0,3532330.0,113358.0,657999.0,42867,3,3,2,2,1,1,0
476,2020-08-24,Brazil,276847.0,5741.0,3582362.0,114250.0,646605.0,42867,3,3,2,3,1,1,0
477,2020-08-25,Brazil,275210.0,5822.0,3605783.0,114744.0,637444.0,42867,3,3,2,3,1,1,0
478,2020-08-26,Brazil,239522.0,5579.0,3622861.0,115309.0,634709.0,42867,3,3,2,3,1,1,0
479,2020-08-27,Brazil,211142.0,4868.0,3669995.0,116580.0,638545.0,42867,3,3,2,3,1,1,0
480,2020-08-28,Brazil,200024.0,4759.0,3717156.0,117665.0,646020.0,42867,3,3,2,3,1,1,0
481,2020-08-29,Brazil,196808.0,4908.0,3761391.0,118649.0,643968.0,42867,3,3,2,3,1,1,0
482,2020-08-30,Brazil,189332.0,4875.0,3804803.0,119504.0,624696.0,42867,3,3,2,3,1,1,0
483,2020-08-31,Brazil,192687.0,5007.0,3846153.0,120462.0,639681.0,42867,3,3,2,2,1,1,0
484,2020-01-03,India,0.0,0.0,0.0,0.0,0.0,0,0,0,0,0,0,0,0
485,2020-01-04,India,0.0,0.0,0.0,0.0,0.0,0,0,0,0,0,0,0,0
486,2020-01-05,India,0.0,0.0,0.0,0.0,0.0,0,0,0,0,0,0,0,0
487,2020-01-06,India,0.0,0.0,0.0,0.0,0.0,0,0,0,0,0,0,0,0
488,2020-01-07,India,0.0,0.0,0.0,0.0,0.0,0,0,0,0,0,0,0,0
489,2020-01-08,India,0.0,0.0,0.0,0.0,0.0,0,0,0,0,0,0,0,0
490,2020-01-09,India,0.0,0.0,0.0,0.0,0.0,0,0,0,0,0,0,0,0
491,2020-01-10,India,0.0,0.0,0.0,0.0,0.0,0,0,0,0,0,0,0,0
492,2020-01-11,India,0.0,0.0,0.0,0.0,0.0,0,0,0,0,0,0,0,0
493,2020-01-12,India,0.0,0.0,0.0,0.0,0.0,0,0,0,0,0,0,0,0
494,2020-01-13,India,0.0,0.0,0.0,0.0,0.0,0,0,0,0,0,0,0,0
495,2020-01-14,India,0.0,0.0,0.0,0.0,0.0,0,0,0,0,0,0,0,0
496,2020-01-15,India,0.0,0.0,0.0,0.0,0.0,0,0,0,0,0,0,0,0
497,2020-01-16,India,5.0,0.0,0.0,0.0,0.0,0,0,0,0,0,0,0,0
498,2020-01-17,India,5.0,0.0,0.0,0.0,0.0,0,0,0,0,0,0,0,0
499,2020-01-18,India,5.0,0.0,0.0,0.0,0.0,0,0,0,0,0,0,0,0
500,2020-01-19,India,6.0,0.0,0.0,0.0,0.0,0,0,0,0,0,0,0,0
501,2020-01-20,India,7.0,0.0,0.0,0.0,0.0,0,0,0,0,0,0,0,0
502,2020-01-21,India,7.0,0.0,0.0,0.0,0.0,0,0,0,0,0,0,0,0
503,2020-01-22,India,7.0,0.0,0.0,0.0,0.0,0,0,0,0,0,0,0,0
504,2020-01-23,India,2.0,0.0,0.0,0.0,0.0,0,0,0,0,0,0,0,0
505,2020-01-24,India,2.0,0.0,0.0,0.0,0.0,0,0,0,0,0,0,0,0
506,2020-01-25,India,2.0,0.0,0.0,0.0,0.0,0,0,0,0,0,0,0,0
507,2020-01-26,India,1.0,0.0,0.0,0.0,0.0,0,0,0,0,1,1,0,0
508,2020-01-27,India,0.0,0.0,0.0,0.0,0.0,0,0,0,0,1,1,0,0
509,2020-01-28,India,0.0,0.0,0.0,0.0,0.0,0,0,0,0,1,1,0,0
510,2020-01-29,India,0.0,0.0,0.0,0.0,0.0,0,0,0,0,1,1,0,0
511,2020-01-30,India,0.0,0.0,5.0,0.0,1.0,148,0,0,0,1,1,0,0
512,2020-01-31,India,0.0,0.0,5.0,0.0,1.0,147,0,0,0,1,1,0,0
513,2020-02-01,India,0.0,0.0,5.0,0.0,1.0,148,0,0,0,1,1,0,0
514,2020-02-02,India,0.0,0.0,6.0,0.0,2.0,148,0,0,0,1,1,0,0
515,2020-02-03,India,0.0,0.0,7.0,0.0,3.0,148,0,0,0,1,1,0,0
516,2020-02-04,India,0.0,0.0,7.0,0.0,3.0,147,0,0,0,1,1,0,0
517,2020-02-05,India,0.0,0.0,7.0,0.0,3.0,148,0,0,0,1,1,0,0
518,2020-02-06,India,0.0,0.0,7.0,0.0,3.0,148,0,0,0,1,1,0,0
519,2020-02-07,India,0.0,0.0,7.0,0.0,3.0,148,0,0,0,1,1,0,0
520,2020-02-08,India,0.0,0.0,7.0,0.0,3.0,147,0,0,0,1,1,0,0
521,2020-02-09,India,0.0,0.0,7.0,0.0,3.0,148,0,0,0,1,1,0,0
522,2020-02-10,India,0.0,0.0,7.0,0.0,3.0,148,0,0,0,1,1,0,0
523,2020-02-11,India,0.0,0.0,7.0,0.0,3.0,147,0,0,0,1,1,0,0
524,2020-02-12,India,0.0,0.0,7.0,0.0,3.0,148,0,0,0,1,1,0,0
525,2020-02-13,India,0.0,0.0,7.0,0.0,3.0,148,0,0,0,1,1,0,0
526,2020-02-14,India,0.0,0.0,7.0,0.0,3.0,148,0,0,0,1,1,0,0
527,2020-02-15,India,0.0,0.0,7.0,0.0,3.0,147,0,0,0,1,1,0,0
528,2020-02-16,India,0.0,0.0,7.0,0.0,0.0,148,0,0,0,1,1,0,0
529,2020-02-17,India,2.0,0.0,7.0,0.0,0.0,148,0,0,0,1,1,0,0
530,2020-02-18,India,2.0,0.0,7.0,0.0,0.0,148,0,0,0,1,1,0,0
531,2020-02-19,India,24.0,0.0,7.0,0.0,0.0,147,0,0,0,1,1,0,0
532,2020-02-20,India,25.0,0.0,7.0,0.0,0.0,148,0,0,0,1,1,0,0
533,2020-02-21,India,28.0,0.0,7.0,0.0,0.0,148,0,0,0,1,1,0,0
534,2020-02-22,India,31.0,0.0,7.0,0.0,0.0,147,0,0,0,1,1,0,0
535,2020-02-23,India,36.0,0.0,7.0,0.0,0.0,148,0,0,0,1,1,0,0
536,2020-02-24,India,39.0,0.0,7.0,0.0,0.0,148,0,0,0,1,1,0,0
537,2020-02-25,India,45.0,0.0,7.0,0.0,0.0,148,0,0,0,1,1,0,0
538,2020-02-26,India,33.0,0.0,7.0,0.0,0.0,147,0,0,0,1,1,0,0
539,2020-02-27,India,46.0,0.0,7.0,0.0,0.0,148,0,0,0,1,1,0,0
540,2020-02-28,India,50.0,1.0,7.0,0.0,0.0,148,0,0,0,1,1,0,0
541,2020-02-29,India,50.0,2.0,7.0,0.0,0.0,148,0,0,0,1,1,0,0
542,2020-03-01,India,68.0,2.0,7.0,0.0,0.0,147,0,0,0,1,1,0,0
543,2020-03-02,India,70.0,2.0,9.0,0.0,2.0,148,0,0,0,1,1,0,0
544,2020-03-03,India,87.0,3.0,9.0,0.0,2.0,148,0,0,0,1,1,0,0
545,2020-03-04,India,91.0,3.0,31.0,0.0,25.0,147,2,0,0,1,1,0,0
546,2020-03-05,India,117.0,4.0,32.0,0.0,27.0,148,2,0,1,1,1,0,0
547,2020-03-06,India,110.0,3.0,35.0,0.0,28.0,148,2,0,1,1,1,0,0
548,2020-03-07,India,195.0,2.0,38.0,0.0,31.0,148,2,0,1,1,1,0,0
549,2020-03-08,India,230.0,3.0,43.0,0.0,36.0,147,2,0,1,1,1,0,0
550,2020-03-09,India,316.0,7.0,48.0,0.0,40.0,148,2,0,1,1,1,0,0
551,2020-03-10,India,378.0,6.0,54.0,0.0,52.0,148,2,0,1,1,1,0,0
552,2020-03-11,India,451.0,7.0,64.0,0.0,58.0,148,2,0,1,1,1,0,0
553,2020-03-12,India,454.0,9.0,78.0,0.0,69.0,147,2,0,1,1,1,0,0
554,2020-03-13,India,529.0,13.0,85.0,1.0,78.0,148,3,0,1,1,2,0,0
555,2020-03-14,India,441.0,13.0,88.0,2.0,98.0,1325,3,0,2,1,2,0,0
556,2020-03-15,India,638.0,20.0,111.0,2.0,100.0,1325,3,0,2,1,3,0,0
557,2020-03-16,India,637.0,20.0,118.0,2.0,106.0,1325,3,1,2,1,3,0,0
558,2020-03-17,India,732.0,23.0,141.0,3.0,128.0,1325,3,1,2,1,3,0,0
559,2020-03-18,India,1030.0,28.0,155.0,3.0,142.0,1325,3,1,2,1,3,0,0
560,2020-03-19,India,1316.0,37.0,195.0,4.0,179.0,191,3,1,2,1,3,0,0
561,2020-03-20,India,1577.0,39.0,195.0,4.0,224.0,1060,3,1,2,1,3,1,0
562,2020-03-21,India,2178.0,51.0,283.0,4.0,307.0,1325,3,3,2,1,3,1,0
563,2020-03-22,India,2395.0,52.0,341.0,5.0,369.0,1298,3,3,2,3,4,1,0
564,2020-03-23,India,2996.0,80.0,434.0,9.0,472.0,3708,3,3,2,3,4,1,0
565,2020-03-24,India,3170.0,82.0,519.0,9.0,496.0,157,3,3,2,3,4,1,0
566,2020-03-25,India,3638.0,111.0,606.0,10.0,614.0,4280,3,3,2,3,4,1,0
567,2020-03-26,India,3900.0,119.0,649.0,13.0,682.0,1272,3,3,2,3,4,1,1
568,2020-03-27,India,4111.0,143.0,724.0,17.0,814.0,1272,3,3,2,3,4,1,1
569,2020-03-28,India,4545.0,171.0,724.0,17.0,903.0,3377,3,3,2,3,4,1,1
570,2020-03-29,India,4982.0,196.0,979.0,25.0,929.0,3377,3,3,2,3,4,1,1
571,2020-03-30,India,5085.0,199.0,1071.0,29.0,1149.0,3378,3,3,2,3,4,1,1
572,2020-03-31,India,5942.0,225.0,1251.0,32.0,1274.0,3377,3,3,2,3,4,1,1
573,2020-04-01,India,6165.0,228.0,1636.0,38.0,1850.0,3377,3,3,2,3,4,1,1
574,2020-04-02,India,6515.0,245.0,1965.0,50.0,2352.0,3377,3,3,2,3,4,1,1
575,2020-04-03,India,6975.0,238.0,2301.0,56.0,2375.0,21294,3,3,2,3,4,1,1
576,2020-04-04,India,6931.0,241.0,2902.0,68.0,2853.0,10705,3,3,2,3,4,1,1
577,2020-04-05,India,7356.0,234.0,3374.0,77.0,3359.0,9584,3,3,2,3,4,1,1
578,2020-04-06,India,8113.0,235.0,4067.0,109.0,4403.0,11534,3,3,2,3,4,1,1
579,2020-04-07,India,8238.0,251.0,4421.0,114.0,4890.0,12947,3,3,2,3,4,1,1
580,2020-04-08,India,8545.0,263.0,5274.0,149.0,5410.0,13904,3,3,2,3,4,1,1
581,2020-04-09,India,9013.0,267.0,5865.0,169.0,6105.0,16991,3,3,2,3,4,1,1
582,2020-04-10,India,9690.0,281.0,6412.0,199.0,6824.0,16420,3,3,2,3,4,1,1
583,2020-04-11,India,10128.0,295.0,7447.0,239.0,7477.0,18044,3,3,2,3,4,1,1
584,2020-04-12,India,10784.0,317.0,8356.0,273.0,8125.0,16374,3,3,2,3,4,1,1
585,2020-04-13,India,10627.0,329.0,9152.0,308.0,9272.0,21806,3,3,2,3,4,1,1
586,2020-04-14,India,10834.0,344.0,10363.0,339.0,10128.0,27339,3,3,2,3,4,1,1
587,2020-04-15,India,11348.0,367.0,11439.0,377.0,10890.0,29706,3,3,2,3,4,1,1
588,2020-04-16,India,11657.0,393.0,12380.0,414.0,11662.0,28357,3,3,2,3,4,1,1
589,2020-04-17,India,11966.0,429.0,13387.0,437.0,12311.0,32167,3,3,2,3,4,1,1
590,2020-04-18,India,12830.0,443.0,14378.0,480.0,13259.0,37000,3,3,2,3,4,1,1
591,2020-04-19,India,13484.0,477.0,15712.0,507.0,14761.0,29463,3,3,2,3,4,1,1
592,2020-04-20,India,14641.0,501.0,17265.0,543.0,15266.0,30518,3,2,2,3,4,1,1
593,2020-04-21,India,16998.0,634.0,18601.0,590.0,16105.0,30517,3,2,2,3,4,1,1
594,2020-04-22,India,18059.0,687.0,19984.0,640.0,17000.0,18961,3,2,2,3,4,1,1
595,2020-04-23,India,19902.0,709.0,21393.0,681.0,18065.0,18960,3,2,2,3,4,1,1
596,2020-04-24,India,21299.0,739.0,23077.0,718.0,19032.0,41247,3,2,2,3,4,1,1
597,2020-04-25,India,22326.0,763.0,24506.0,775.0,20344.0,38168,3,2,2,3,4,1,1
598,2020-04-26,India,22959.0,808.0,26496.0,824.0,21367.0,45352,3,2,2,3,4,1,1
599,2020-04-27,India,24619.0,833.0,27892.0,872.0,22314.0,40510,3,2,2,3,4,1,1
600,2020-04-28,India,24323.0,725.0,29435.0,934.0,23577.0,50914,3,2,2,3,4,1,1
601,2020-04-29,India,24890.0,721.0,31332.0,1007.0,24625.0,54031,3,2,2,3,4,1,1
602,2020-04-30,India,25051.0,766.0,33050.0,1074.0,25795.0,59437,3,2,2,3,4,1,1
603,2020-05-01,India,25628.0,763.0,35043.0,1147.0,27250.0,72453,3,2,2,3,4,1,1
604,2020-05-02,India,26278.0,771.0,37336.0,1218.0,28880.0,73709,3,2,2,3,4,1,1
605,2020-05-03,India,27988.0,763.0,39980.0,1301.0,30730.0,70087,3,2,2,3,4,1,1
606,2020-05-04,India,29017.0,823.0,42533.0,1373.0,33590.0,60783,3,2,2,2,4,1,1
607,2020-05-05,India,30383.0,870.0,46433.0,1568.0,35258.0,84713,3,2,2,2,4,1,1
608,2020-05-06,India,32469.0,888.0,49391.0,1694.0,37656.0,84835,3,2,2,2,4,1,1
609,2020-05-07,India,34356.0,886.0,52952.0,1783.0,39575.0,80632,3,2,2,2,4,1,1
610,2020-05-08,India,36477.0,934.0,56342.0,1886.0,41808.0,80375,3,2,2,2,4,1,1
611,2020-05-09,India,39161.0,968.0,59662.0,1981.0,43507.0,85425,3,2,2,2,4,1,1
612,2020-05-10,India,40941.0,995.0,62939.0,2109.0,46192.0,85824,3,2,2,2,4,1,1
613,2020-05-11,India,42676.0,992.0,67152.0,2206.0,48219.0,64651,3,2,2,2,4,1,1
614,2020-05-12,India,44241.0,1004.0,70756.0,2293.0,49872.0,85891,3,2,2,2,4,1,1
615,2020-05-13,India,45017.0,1034.0,74281.0,2415.0,51655.0,94671,3,2,2,2,4,1,1
616,2020-05-14,India,45974.0,1096.0,78003.0,2549.0,54028.0,92791,3,2,2,2,4,1,1
617,2020-05-15,India,47352.0,1123.0,81970.0,2649.0,55526.0,92911,3,2,2,2,4,1,1
618,2020-05-16,India,48662.0,1251.0,85940.0,2752.0,56424.0,94325,3,2,2,2,4,1,1
619,2020-05-17,India,50275.0,1297.0,90927.0,2872.0,58903.0,93365,3,2,2,2,4,1,1
620,2020-05-18,India,51690.0,1373.0,96169.0,3029.0,61095.0,75150,3,2,2,2,3,1,1
621,2020-05-19,India,53326.0,1431.0,101139.0,3163.0,64166.0,101475,3,2,2,2,3,1,1
622,2020-05-20,India,55848.0,1478.0,106750.0,3303.0,66606.0,108121,3,2,2,2,3,1,1
623,2020-05-21,India,58586.0,1544.0,112359.0,3435.0,69673.0,103532,3,2,2,2,3,1,1
624,2020-05-22,India,60971.0,1642.0,118447.0,3583.0,72970.0,103514,3,2,2,2,3,1,1
625,2020-05-23,India,62894.0,1671.0,125101.0,3720.0,77038.0,115364,3,2,2,2,3,1,1
626,2020-05-24,India,64485.0,1765.0,131868.0,3867.0,80844.0,108623,3,2,2,2,3,1,1
627,2020-05-25,India,66076.0,1741.0,138845.0,4021.0,84244.0,90170,3,2,2,2,3,1,1
628,2020-05-26,India,67892.0,1868.0,145380.0,4167.0,86516.0,92528,3,2,2,2,3,1,1
629,2020-05-27,India,68968.0,1930.0,151767.0,4337.0,90337.0,116041,3,2,2,2,3,1,1
630,2020-05-28,India,69660.0,2027.0,158333.0,4531.0,94466.0,119976,3,2,2,2,3,1,1
631,2020-05-29,India,70765.0,2150.0,165799.0,4706.0,90864.0,121702,3,2,2,2,3,1,1
632,2020-05-30,India,72336.0,2242.0,173763.0,4971.0,94891.0,127761,3,2,2,2,3,1,1
633,2020-05-31,India,74294.0,2266.0,182143.0,5164.0,98757.0,125428,3,2,2,2,3,1,1
634,2020-06-01,India,75813.0,2385.0,190535.0,5394.0,102616.0,100180,3,1,2,2,3,1,1
635,2020-06-02,India,76493.0,2434.0,198706.0,5598.0,106906.0,128868,3,1,2,2,3,1,1
636,2020-06-03,India,77482.0,4158.0,207615.0,5815.0,112753.0,137158,3,1,2,2,3,1,1
637,2020-06-04,India,80367.0,4135.0,216919.0,6075.0,118263.0,139485,3,1,2,2,3,1,1
638,2020-06-05,India,82997.0,4075.0,226770.0,6348.0,122951.0,143661,3,1,2,2,3,1,1
639,2020-06-06,India,86055.0,4064.0,236657.0,6642.0,127927.0,137938,3,1,2,2,3,1,1
640,2020-06-07,India,89539.0,4059.0,246628.0,6929.0,133638.0,142069,3,1,2,2,3,1,1
641,2020-06-08,India,92858.0,4179.0,256611.0,7135.0,136833.0,108048,3,1,2,2,3,1,0
642,2020-06-09,India,97124.0,4111.0,266598.0,7466.0,141476.0,141682,3,1,2,2,3,1,0
643,2020-06-10,India,102118.0,2573.0,276583.0,7745.0,151399.0,145216,3,1,2,2,3,1,0
644,2020-06-11,India,106159.0,2657.0,286579.0,8102.0,150340.0,151808,3,1,2,2,3,1,0
645,2020-06-12,India,109869.0,2728.0,297535.0,8498.0,154663.0,150305,3,1,2,2,3,1,0
646,2020-06-13,India,113905.0,2737.0,308993.0,8884.0,158543.0,143737,3,1,2,2,3,1,0
647,2020-06-14,India,118398.0,2841.0,320922.0,9195.0,162626.0,151432,3,1,2,2,3,1,0
648,2020-06-15,India,123036.0,2776.0,332424.0,9520.0,163078.0,115519,3,1,2,2,3,1,0
649,2020-06-16,India,126625.0,2882.0,343091.0,9900.0,167130.0,146936,3,1,2,2,3,1,0
650,2020-06-17,India,129310.0,2924.0,354065.0,11903.0,172621.0,163187,3,1,2,2,3,1,0
651,2020-06-18,India,131536.0,2940.0,366946.0,12237.0,175821.0,165412,3,2,2,2,3,1,0
652,2020-06-19,India,135143.0,2912.0,380532.0,12573.0,181217.0,176959,3,2,2,2,3,1,0
653,2020-06-20,India,139362.0,2970.0,395048.0,12948.0,182723.0,189869,3,2,2,2,3,1,0
654,2020-06-21,India,144306.0,3173.0,410461.0,13254.0,188086.0,190730,3,2,2,2,3,1,0
655,2020-06-22,India,149095.0,3218.0,425282.0,13699.0,192025.0,143267,3,2,2,2,3,1,0
656,2020-06-23,India,152825.0,3267.0,440215.0,14011.0,197498.0,187223,3,2,2,2,3,1,0
657,2020-06-24,India,156924.0,3242.0,456183.0,14476.0,201408.0,215195,3,2,2,2,3,1,0
658,2020-06-25,India,162655.0,3295.0,473105.0,14894.0,204764.0,207871,3,2,2,2,3,1,0
659,2020-06-26,India,168258.0,3391.0,490401.0,15301.0,213072.0,215446,3,2,2,2,3,1,0
660,2020-06-27,India,172601.0,3468.0,508953.0,15685.0,219146.0,220479,3,2,2,2,3,1,0
661,2020-06-28,India,176388.0,3406.0,528859.0,16095.0,226595.0,231095,3,2,2,2,3,1,0
662,2020-06-29,India,180841.0,3481.0,548318.0,16475.0,232018.0,170560,3,2,2,2,3,1,0
663,2020-06-30,India,187087.0,3567.0,566840.0,16893.0,237569.0,210292,3,2,2,2,3,1,0
664,2020-07-01,India,193764.0,3667.0,585493.0,17400.0,244781.0,217931,3,1,2,2,4,1,0
665,2020-07-02,India,201580.0,3786.0,604641.0,17834.0,245652.0,229588,3,1,2,2,4,1,0
666,2020-07-03,India,210030.0,3998.0,625544.0,18213.0,254088.0,241576,3,1,2,2,4,1,0
667,2020-07-04,India,217800.0,4150.0,648315.0,18655.0,264082.0,242383,3,1,2,2,4,1,0
668,2020-07-05,India,228065.0,4142.0,673165.0,19268.0,272980.0,248934,3,1,2,2,4,1,0
669,2020-07-06,India,239789.0,4323.0,697413.0,19693.0,279730.0,180596,3,1,2,2,4,1,0
670,2020-07-07,India,248439.0,4357.0,719665.0,20160.0,285586.0,241430,3,1,2,2,4,1,0
671,2020-07-08,India,256734.0,4423.0,742417.0,20642.0,290918.0,262679,3,1,2,2,4,1,0
672,2020-07-09,India,269759.0,4946.0,767296.0,21129.0,298289.0,267061,3,1,2,2,4,1,0
673,2020-07-10,India,284113.0,4999.0,793802.0,21604.0,305530.0,283659,3,2,2,2,4,1,0
674,2020-07-11,India,298145.0,5085.0,820916.0,22123.0,314904.0,282511,3,2,2,2,4,1,0
675,2020-07-12,India,307904.0,5247.0,849553.0,22674.0,324783.0,280151,3,2,2,2,4,1,0
676,2020-07-13,India,317410.0,5274.0,878254.0,23174.0,335292.0,219103,3,2,2,2,4,1,0
677,2020-07-14,India,327965.0,5341.0,906752.0,23727.0,344149.0,286247,3,2,2,2,4,1,0
678,2020-07-15,India,338754.0,5461.0,936181.0,24309.0,356089.0,320161,3,2,2,2,4,1,0
679,2020-07-16,India,345157.0,5107.0,968876.0,24915.0,368075.0,326826,3,2,2,2,4,1,0
680,2020-07-17,India,350925.0,5146.0,1003832.0,25602.0,385333.0,333228,3,2,2,2,4,1,0
681,2020-07-18,India,359127.0,5153.0,1038716.0,26273.0,400358.0,361024,3,2,2,2,4,1,0
682,2020-07-19,India,365201.0,5301.0,1077618.0,26816.0,418119.0,358127,3,2,2,2,4,1,0
683,2020-07-20,India,368242.0,5364.0,1118043.0,27497.0,430760.0,256039,3,2,2,2,4,1,0
684,2020-07-21,India,372589.0,5513.0,1155191.0,28084.0,440028.0,333395,3,2,2,2,4,1,0
685,2020-07-22,India,376585.0,5602.0,1192915.0,28732.0,456191.0,343243,3,2,2,2,4,1,0
686,2020-07-23,India,380744.0,5731.0,1238635.0,29861.0,470899.0,350823,3,2,2,2,4,1,0
687,2020-07-24,India,388204.0,5838.0,1287945.0,30601.0,487592.0,352801,3,2,2,2,4,1,0
688,2020-07-25,India,392623.0,6007.0,1336861.0,31358.0,500062.0,420898,3,2,2,2,4,1,0
689,2020-07-26,India,402287.0,6015.0,1385522.0,32063.0,518048.0,442263,3,2,2,2,4,1,0
690,2020-07-27,India,411379.0,6251.0,1435453.0,32771.0,528907.0,515472,3,2,2,2,4,1,0
691,2020-07-28,India,412930.0,6319.0,1483156.0,33425.0,543640.0,528082,3,2,2,2,4,1,0
692,2020-07-29,India,421384.0,6296.0,1531669.0,34193.0,562228.0,408855,3,2,2,2,4,1,0
693,2020-07-30,India,432101.0,6334.0,1583792.0,34968.0,579398.0,446642,3,2,2,2,4,1,0
694,2020-07-31,India,434116.0,6455.0,1638870.0,35747.0,601614.0,642588,3,2,2,2,4,1,0
695,2020-08-01,India,437581.0,6518.0,1695988.0,36511.0,605094.0,525689,3,2,2,2,4,1,0
696,2020-08-02,India,436672.0,6601.0,1750723.0,37364.0,617492.0,463172,3,2,2,2,4,1,0
697,2020-08-03,India,432589.0,6535.0,1803695.0,38135.0,625236.0,381027,3,2,2,2,4,1,0
698,2020-08-04,India,434067.0,6540.0,1855745.0,38938.0,626039.0,661892,3,2,2,2,4,1,0
699,2020-08-05,India,437635.0,6798.0,1908254.0,39795.0,636200.0,619652,3,2,2,2,4,1,0
700,2020-08-06,India,440288.0,6833.0,1964536.0,40699.0,648969.0,664949,3,2,2,2,4,1,0
701,2020-08-07,India,444633.0,6809.0,2027074.0,41585.0,661606.0,639042,3,2,2,2,4,1,0
702,2020-08-08,India,449509.0,6758.0,2088611.0,42518.0,672126.0,598778,3,2,2,2,4,1,0
703,2020-08-09,India,455258.0,6726.0,2153010.0,43379.0,679331.0,719364,3,2,2,2,4,1,0
704,2020-08-10,India,458685.0,6621.0,2215074.0,44386.0,685186.0,477023,3,2,2,2,4,1,0
705,2020-08-11,India,464581.0,6593.0,2268675.0,45257.0,690039.0,698290,3,2,2,2,4,1,0
706,2020-08-12,India,467201.0,6560.0,2329638.0,46091.0,700655.0,733449,3,2,2,2,4,1,0
707,2020-08-13,India,473309.0,6606.0,2396637.0,47033.0,709635.0,830391,3,2,2,2,4,1,0
708,2020-08-14,India,481677.0,6680.0,2461190.0,48040.0,716986.0,848728,3,2,2,2,4,1,0
709,2020-08-15,India,488271.0,6756.0,2526192.0,49036.0,727694.0,868679,3,2,2,2,4,1,0
710,2020-08-16,India,497793.0,6792.0,2589682.0,49980.0,727821.0,746608,3,2,2,2,4,1,0
711,2020-08-17,India,514897.0,6927.0,2647663.0,50921.0,725010.0,731697,3,2,2,2,4,1,0
712,2020-08-18,India,523843.0,6898.0,2702742.0,51797.0,729437.0,899864,3,2,2,2,4,1,0
713,2020-08-19,India,535049.0,6884.0,2767273.0,52889.0,740261.0,801518,3,2,2,2,4,1,0
714,2020-08-20,India,543172.0,6904.0,2836925.0,53866.0,746879.0,918470,3,2,2,2,4,1,0
715,2020-08-21,India,549247.0,6943.0,2905823.0,54849.0,753124.0,805985,3,2,2,2,4,1,0
716,2020-08-22,India,559207.0,7011.0,2975701.0,55794.0,764374.0,1023836,3,2,2,2,4,1,0
717,2020-08-23,India,571078.0,7128.0,3044940.0,56706.0,768313.0,801147,3,2,2,2,4,1,0
718,2020-08-24,India,583368.0,7173.0,3106348.0,57542.0,762738.0,609917,3,2,2,2,4,1,0
719,2020-08-25,India,589256.0,7487.0,3167323.0,58390.0,766208.0,925383,3,2,2,2,4,1,0
720,2020-08-26,India,600605.0,7557.0,3234474.0,59449.0,786463.0,823992,3,2,2,2,4,1,0
721,2020-08-27,India,612457.0,7686.0,3310234.0,60472.0,803552.0,924998,3,2,2,2,4,1,0
722,2020-08-28,India,625667.0,7799.0,3387500.0,61529.0,814974.0,901338,3,2,2,2,4,1,0
723,2020-08-29,India,636805.0,7911.0,3463972.0,62550.0,828800.0,928761,3,2,2,2,4,1,0
724,2020-08-30,India,640545.0,7960.0,3542733.0,63498.0,846444.0,1055027,3,2,2,2,4,1,0
725,2020-08-31,India,641814.0,8080.0,3621245.0,64469.0,851284.0,846278,3,2,2,2,4,1,0
726,2020-01-03,Spain,0.0,0.0,0.0,0.0,0.0,0,0,0,0,0,0,0,0
727,2020-01-04,Spain,0.0,0.0,0.0,0.0,0.0,0,0,0,0,0,0,0,0
728,2020-01-05,Spain,0.0,0.0,0.0,0.0,0.0,0,0,0,0,0,0,0,0
729,2020-01-06,Spain,0.0,0.0,0.0,0.0,0.0,0,0,0,0,0,0,0,0
730,2020-01-07,Spain,0.0,0.0,0.0,0.0,0.0,0,0,0,0,0,0,0,0
731,2020-01-08,Spain,0.0,0.0,0.0,0.0,0.0,0,0,0,0,0,0,0,0
732,2020-01-09,Spain,0.0,0.0,0.0,0.0,0.0,0,0,0,0,0,0,0,0
733,2020-01-10,Spain,0.0,0.0,0.0,0.0,0.0,0,0,0,0,0,0,0,0
734,2020-01-11,Spain,0.0,0.0,0.0,0.0,0.0,0,0,0,0,0,0,0,0
735,2020-01-12,Spain,0.0,0.0,0.0,0.0,0.0,0,0,0,0,0,0,0,0
736,2020-01-13,Spain,0.0,0.0,0.0,0.0,0.0,0,0,0,0,0,0,0,0
737,2020-01-14,Spain,0.0,0.0,0.0,0.0,0.0,0,0,0,0,0,0,0,0
738,2020-01-15,Spain,0.0,0.0,0.0,0.0,0.0,0,0,0,0,0,0,0,0
739,2020-01-16,Spain,0.0,0.0,0.0,0.0,0.0,0,0,0,0,0,0,0,0
740,2020-01-17,Spain,0.0,0.0,0.0,0.0,0.0,0,0,0,0,0,0,0,0
741,2020-01-18,Spain,0.0,0.0,0.0,0.0,0.0,0,0,0,0,0,0,0,0
742,2020-01-19,Spain,1.0,0.0,0.0,0.0,0.0,0,0,0,0,0,0,0,0
743,2020-01-20,Spain,1.0,0.0,0.0,0.0,0.0,0,0,0,0,0,0,0,0
744,2020-01-21,Spain,1.0,0.0,0.0,0.0,0.0,0,0,0,0,0,0,0,0
745,2020-01-22,Spain,1.0,0.0,0.0,0.0,0.0,0,0,0,0,0,0,0,0
746,2020-01-23,Spain,1.0,0.0,0.0,0.0,0.0,0,0,0,0,0,0,0,0
747,2020-01-24,Spain,1.0,0.0,0.0,0.0,0.0,0,0,0,0,0,0,0,0
748,2020-01-25,Spain,1.0,0.0,0.0,0.0,0.0,0,0,0,0,0,0,0,0
749,2020-01-26,Spain,0.0,0.0,0.0,0.0,0.0,0,0,0,0,0,0,0,0
750,2020-01-27,Spain,1.0,0.0,0.0,0.0,0.0,0,0,0,0,0,0,0,0
751,2020-01-28,Spain,1.0,0.0,0.0,0.0,0.0,0,0,0,0,0,0,0,0
752,2020-01-29,Spain,1.0,0.0,0.0,0.0,0.0,0,0,0,0,0,0,0,0
753,2020-01-30,Spain,1.0,1.0,0.0,0.0,0.0,0,0,0,0,0,0,0,0
754,2020-01-31,Spain,1.0,1.0,0.0,0.0,0.0,0,0,0,0,0,0,0,0
755,2020-02-01,Spain,1.0,1.0,0.0,0.0,1.0,0,0,0,0,0,0,0,0
756,2020-02-02,Spain,1.0,1.0,1.0,0.0,1.0,12920,0,0,0,0,0,0,0
757,2020-02-03,Spain,0.0,1.0,1.0,0.0,1.0,12920,0,0,0,0,0,0,0
758,2020-02-04,Spain,0.0,1.0,1.0,0.0,1.0,12920,0,0,0,0,0,0,0
759,2020-02-05,Spain,0.0,1.0,1.0,0.0,1.0,12919,0,0,0,0,0,0,0
760,2020-02-06,Spain,0.0,0.0,1.0,0.0,1.0,12920,0,0,0,0,0,0,0
761,2020-02-07,Spain,0.0,0.0,1.0,0.0,1.0,12920,0,0,0,0,0,0,0
762,2020-02-08,Spain,0.0,0.0,1.0,0.0,1.0,12920,0,0,0,0,0,0,0
763,2020-02-09,Spain,0.0,0.0,1.0,0.0,2.0,12920,0,0,0,0,0,0,0
764,2020-02-10,Spain,0.0,0.0,2.0,0.0,2.0,12920,0,0,0,0,0,0,0
765,2020-02-11,Spain,0.0,0.0,2.0,0.0,2.0,12920,0,0,0,0,0,0,0
766,2020-02-12,Spain,1.0,0.0,2.0,0.0,2.0,12919,0,0,0,0,0,0,0
767,2020-02-13,Spain,10.0,0.0,2.0,1.0,2.0,12920,0,0,0,0,0,0,0
768,2020-02-14,Spain,23.0,0.0,2.0,1.0,2.0,12920,0,0,0,0,0,0,0
769,2020-02-15,Spain,30.0,0.0,2.0,1.0,0.0,12920,0,0,0,0,0,0,0
770,2020-02-16,Spain,43.0,0.0,2.0,1.0,0.0,12920,0,0,0,0,0,0,0
771,2020-02-17,Spain,64.0,0.0,2.0,1.0,0.0,12920,0,0,0,0,0,0,0
772,2020-02-18,Spain,112.0,1.0,2.0,1.0,0.0,12920,0,0,0,0,0,0,0
773,2020-02-19,Spain,148.0,3.0,2.0,1.0,0.0,12920,0,0,0,0,0,0,0
774,2020-02-20,Spain,188.0,4.0,2.0,1.0,0.0,12919,0,0,0,0,0,0,0
775,2020-02-21,Spain,236.0,7.0,2.0,1.0,0.0,12920,0,0,0,0,0,0,0
776,2020-02-22,Spain,342.0,10.0,2.0,1.0,0.0,12920,0,0,0,0,0,0,0
777,2020-02-23,Spain,329.0,24.0,2.0,1.0,0.0,12920,0,0,0,0,0,0,0
778,2020-02-24,Spain,308.0,40.0,2.0,1.0,0.0,12920,0,0,0,0,0,0,0
779,2020-02-25,Spain,910.0,65.0,2.0,1.0,4.0,12920,0,0,0,0,0,0,0
780,2020-02-26,Spain,1471.0,98.0,3.0,1.0,11.0,12920,0,0,0,0,0,0,0
781,2020-02-27,Spain,1940.0,152.0,12.0,1.0,13.0,12919,0,0,0,0,0,0,0
782,2020-02-28,Spain,2704.0,227.0,25.0,1.0,30.0,12920,0,0,0,0,0,0,0
783,2020-02-29,Spain,3857.0,328.0,32.0,1.0,43.0,12920,0,0,0,0,0,0,0
784,2020-03-01,Spain,5379.0,443.0,45.0,1.0,82.0,12920,0,0,0,0,0,0,0
785,2020-03-02,Spain,7379.0,603.0,66.0,1.0,118.0,12920,0,0,0,0,0,0,0
786,2020-03-03,Spain,8167.0,763.0,114.0,2.0,163.0,12920,0,0,0,0,0,0,0
787,2020-03-04,Spain,9556.0,962.0,151.0,4.0,220.0,12920,0,0,0,0,0,0,0
788,2020-03-05,Spain,11576.0,1214.0,200.0,5.0,257.0,12919,0,0,0,0,0,0,0
789,2020-03-06,Spain,14182.0,1554.0,261.0,8.0,398.0,12920,0,0,0,0,0,0,0
790,2020-03-07,Spain,15749.0,1944.0,374.0,11.0,470.0,12920,0,0,0,0,0,0,0
791,2020-03-08,Spain,19173.0,2350.0,374.0,25.0,643.0,12920,0,0,0,0,0,0,0
792,2020-03-09,Spain,20819.0,2833.0,374.0,41.0,1041.0,12920,3,1,0,0,0,0,0
793,2020-03-10,Spain,23898.0,3354.0,1024.0,67.0,1663.0,12920,3,1,2,0,3,0,0
794,2020-03-11,Spain,28495.0,3902.0,1622.0,102.0,2094.0,12920,3,1,2,0,3,0,0
795,2020-03-12,Spain,33894.0,4438.0,2140.0,157.0,2094.0,12919,3,1,2,0,3,0,0
796,2020-03-13,Spain,39041.0,4897.0,2965.0,235.0,5039.0,12920,3,1,2,0,3,0,0
797,2020-03-14,Spain,44079.0,5217.0,4231.0,339.0,5874.0,12920,3,2,2,2,3,0,0
798,2020-03-15,Spain,47322.0,5470.0,5753.0,468.0,7281.0,12920,3,2,2,2,3,0,0
799,2020-03-16,Spain,50225.0,5699.0,7753.0,644.0,9412.0,12920,3,2,2,2,3,0,0
800,2020-03-17,Spain,52106.0,5862.0,9191.0,830.0,10720.0,12920,3,2,2,2,4,1,0
801,2020-03-18,Spain,54744.0,5948.0,11178.0,1064.0,12829.0,12920,3,2,2,2,4,1,0
802,2020-03-19,Spain,54526.0,5919.0,13716.0,1371.0,16856.0,12919,3,2,2,2,4,1,0
803,2020-03-20,Spain,54050.0,5801.0,17147.0,1789.0,18822.0,12920,3,2,2,2,4,1,0
804,2020-03-21,Spain,53651.0,5695.0,19980.0,2283.0,23249.0,12920,3,2,2,2,4,1,0
805,2020-03-22,Spain,52488.0,5631.0,24926.0,2818.0,26193.0,12920,3,2,2,2,4,1,0
806,2020-03-23,Spain,51962.0,5476.0,28572.0,3477.0,32561.0,12920,3,2,2,2,4,1,0
807,2020-03-24,Spain,49837.0,5319.0,33089.0,4184.0,36091.0,12920,3,2,2,2,4,1,0
808,2020-03-25,Spain,46093.0,5164.0,39673.0,4966.0,44148.0,12920,3,2,2,2,4,1,0
809,2020-03-26,Spain,44554.0,4992.0,47610.0,5809.0,50771.0,12920,3,2,2,2,4,1,0
810,2020-03-27,Spain,42208.0,4876.0,56188.0,6686.0,56362.0,12919,3,2,2,2,4,1,0
811,2020-03-28,Spain,39312.0,4761.0,64059.0,7500.0,60950.0,12920,3,2,2,2,4,1,0
812,2020-03-29,Spain,37116.0,4558.0,72248.0,8288.0,65401.0,12920,3,2,2,2,4,1,0
813,2020-03-30,Spain,35260.0,4388.0,78797.0,9176.0,71176.0,12920,3,3,2,2,4,1,1
814,2020-03-31,Spain,34464.0,4250.0,85195.0,10046.0,76664.0,12920,3,3,2,2,4,1,1
815,2020-04-01,Spain,35524.0,4063.0,94417.0,10914.0,81471.0,12920,3,3,2,2,4,1,1
816,2020-04-02,Spain,33384.0,3884.0,102136.0,11728.0,85322.0,12920,3,3,2,2,4,1,1
817,2020-04-03,Spain,32028.0,3717.0,110238.0,12487.0,88686.0,12919,3,3,2,2,4,1,1
818,2020-04-04,Spain,31556.0,3534.0,117710.0,13195.0,91949.0,12920,3,3,2,2,4,1,1
819,2020-04-05,Spain,28939.0,3388.0,124736.0,13919.0,93566.0,12920,3,3,2,2,4,1,1
820,2020-04-06,Spain,27357.0,3184.0,130759.0,14652.0,96238.0,12920,3,3,2,2,4,1,1
821,2020-04-07,Spain,27232.0,3005.0,135032.0,15365.0,98734.0,12920,3,3,2,2,4,1,1
822,2020-04-08,Spain,23321.0,2797.0,140510.0,16078.0,100199.0,12920,3,3,2,2,4,1,1
823,2020-04-09,Spain,22333.0,2634.0,146690.0,16720.0,101057.0,12920,3,3,2,2,4,1,1
824,2020-04-10,Spain,20700.0,2471.0,152446.0,17363.0,102605.0,12919,3,3,2,2,4,1,1
825,2020-04-11,Spain,19540.0,2341.0,157022.0,17956.0,103918.0,12920,3,3,2,2,4,1,1
826,2020-04-12,Spain,18673.0,2225.0,161852.0,18477.0,104440.0,12920,3,3,2,2,4,1,1
827,2020-04-13,Spain,17817.0,2116.0,166019.0,19040.0,105372.0,12920,3,3,2,2,4,1,1
828,2020-04-14,Spain,16296.0,1967.0,169496.0,19615.0,105037.0,10529,3,3,2,2,4,1,1
829,2020-04-15,Spain,14977.0,1873.0,176034.0,20141.0,106791.0,10529,3,3,2,2,4,1,1
830,2020-04-16,Spain,14069.0,1779.0,180074.0,20604.0,110151.0,10530,3,3,2,2,4,1,1
831,2020-04-17,Spain,11820.0,1636.0,184474.0,21080.0,116042.0,10529,3,3,2,2,4,1,1
832,2020-04-18,Spain,10657.0,1547.0,188578.0,21490.0,116929.0,10529,3,3,2,2,4,1,1
833,2020-04-19,Spain,10677.0,1473.0,190791.0,21865.0,121317.0,10529,3,3,2,2,4,1,1
834,2020-04-20,Spain,9832.0,1400.0,193376.0,22224.0,119623.0,10529,3,3,2,2,4,1,1
835,2020-04-21,Spain,8546.0,1328.0,196728.0,22620.0,121664.0,10530,3,3,2,2,4,1,1
836,2020-04-22,Spain,8556.0,1251.0,199355.0,22938.0,122474.0,10529,3,3,2,2,4,1,1
837,2020-04-23,Spain,7408.0,1203.0,202407.0,23238.0,123774.0,10529,3,3,2,2,4,1,1
838,2020-04-24,Spain,8012.0,1173.0,205174.0,23551.0,110635.0,45087,3,3,2,2,4,1,1
839,2020-04-25,Spain,7641.0,1103.0,208118.0,23831.0,110197.0,45087,3,3,2,2,4,1,1
840,2020-04-26,Spain,6996.0,1024.0,209464.0,24090.0,109262.0,45087,3,3,2,2,4,1,1
841,2020-04-27,Spain,6933.0,1001.0,211193.0,24340.0,108590.0,45086,3,3,2,2,4,1,1
842,2020-04-28,Spain,7212.0,980.0,213024.0,24587.0,108225.0,45087,3,3,2,2,4,1,1
843,2020-04-29,Spain,6345.0,951.0,214332.0,24811.0,103970.0,45087,3,3,2,2,4,1,1
844,2020-04-30,Spain,5921.0,900.0,216476.0,25017.0,101385.0,45087,3,3,2,2,4,1,1
845,2020-05-01,Spain,5486.0,847.0,216994.0,25187.0,103166.0,39154,3,3,2,2,4,1,1
846,2020-05-02,Spain,4794.0,810.0,218775.0,25378.0,99334.0,39155,3,3,2,2,4,1,1
847,2020-05-03,Spain,4772.0,774.0,220141.0,25563.0,98564.0,39154,3,3,2,2,4,1,1
848,2020-05-04,Spain,4274.0,678.0,221025.0,25740.0,96668.0,39155,3,3,2,2,4,1,1
849,2020-05-05,Spain,3675.0,577.0,221570.0,25915.0,95843.0,39154,3,3,2,2,4,1,1
850,2020-05-06,Spain,3799.0,524.0,222888.0,26062.0,94323.0,39155,3,3,2,2,4,1,1
851,2020-05-07,Spain,3976.0,477.0,223884.0,26220.0,92936.0,39154,3,3,2,2,4,1,1
852,2020-05-08,Spain,3935.0,444.0,225006.0,26360.0,91709.0,42029,3,3,2,2,4,1,1
853,2020-05-09,Spain,3944.0,422.0,226416.0,26481.0,89626.0,42028,3,3,2,2,4,1,1
854,2020-05-10,Spain,3985.0,416.0,227137.0,26587.0,88184.0,42029,3,3,2,2,4,1,1
855,2020-05-11,Spain,3952.0,415.0,227958.0,26741.0,90297.0,42028,3,3,2,2,4,1,1
856,2020-05-12,Spain,3965.0,413.0,228782.0,26895.0,89050.0,42029,3,3,2,2,4,1,1
857,2020-05-13,Spain,3914.0,402.0,229233.0,27013.0,87868.0,42028,3,3,2,2,4,1,1
858,2020-05-14,Spain,3858.0,384.0,229805.0,27120.0,86166.0,42029,3,3,2,2,4,1,1
859,2020-05-15,Spain,3782.0,365.0,230492.0,27207.0,85400.0,43155,3,3,2,2,4,1,1
860,2020-05-16,Spain,3690.0,335.0,231210.0,27291.0,84252.0,43155,3,3,2,2,4,1,1
861,2020-05-17,Spain,3640.0,308.0,231909.0,27361.0,84252.0,43155,3,3,2,2,4,1,1
862,2020-05-18,Spain,3667.0,290.0,232232.0,27419.0,81230.0,43156,3,3,2,2,4,1,1
863,2020-05-19,Spain,3600.0,271.0,232457.0,27472.0,81661.0,43155,3,3,2,2,4,1,1
864,2020-05-20,Spain,3405.0,242.0,233032.0,27537.0,82179.0,43155,3,3,2,2,4,1,1
865,2020-05-21,Spain,3157.0,234.0,233781.0,27597.0,82661.0,43155,3,3,2,2,4,1,1
866,2020-05-22,Spain,3141.0,222.0,234427.0,27651.0,84448.0,44962,3,2,2,2,4,1,1
867,2020-05-23,Spain,2979.0,223.0,235154.0,27713.0,84914.0,44963,3,2,2,2,4,1,1
868,2020-05-24,Spain,2905.0,202.0,235894.0,27777.0,85396.0,44962,3,2,2,2,4,1,1
869,2020-05-25,Spain,2835.0,184.0,236184.0,27834.0,85024.0,44963,3,2,2,2,4,1,1
870,2020-05-26,Spain,2799.0,165.0,236422.0,27885.0,85883.0,44962,2,2,2,2,4,1,1
871,2020-05-27,Spain,2792.0,157.0,236946.0,27939.0,85883.0,44963,2,2,2,1,4,1,1
872,2020-05-28,Spain,2754.0,134.0,237639.0,27981.0,87530.0,44962,2,2,2,1,4,1,1
873,2020-05-29,Spain,2628.0,136.0,238209.0,28016.0,88188.0,40949,2,2,2,1,4,1,1
874,2020-05-30,Spain,2508.0,117.0,238844.0,28048.0,88852.0,40950,2,2,2,1,4,1,1
875,2020-05-31,Spain,2341.0,109.0,239534.0,28085.0,89103.0,40949,2,2,2,1,4,1,1
876,2020-06-01,Spain,2199.0,97.0,239851.0,28124.0,89262.0,40950,2,2,2,1,4,1,1
877,2020-06-02,Spain,2142.0,93.0,240022.0,28156.0,89556.0,40949,2,2,2,1,4,1,1
878,2020-06-03,Spain,2089.0,86.0,240351.0,28181.0,89950.0,40950,2,2,2,1,4,1,1
879,2020-06-04,Spain,2023.0,81.0,240796.0,28215.0,90284.0,40949,2,2,2,1,4,1,1
880,2020-06-05,Spain,1913.0,61.0,241350.0,28238.0,90602.0,34123,2,2,2,1,4,1,1
881,2020-06-06,Spain,1916.0,50.0,241823.0,28271.0,90934.0,34122,2,2,2,1,4,1,1
882,2020-06-07,Spain,1796.0,46.0,242439.0,28287.0,91174.0,34123,2,2,2,1,4,1,1
883,2020-06-08,Spain,1905.0,40.0,242686.0,28308.0,91341.0,34122,2,1,2,1,4,1,0
884,2020-06-09,Spain,1982.0,36.0,242821.0,28321.0,91590.0,34123,2,1,2,1,4,1,0
885,2020-06-10,Spain,1952.0,27.0,243143.0,28338.0,91904.0,34122,2,1,2,1,4,1,0
886,2020-06-11,Spain,2041.0,25.0,243550.0,28349.0,92331.0,34123,2,1,2,1,4,1,0
887,2020-06-12,Spain,2048.0,21.0,243978.0,28374.0,92833.0,32664,2,1,2,1,4,1,0
888,2020-06-13,Spain,2030.0,23.0,244331.0,28388.0,93229.0,32665,2,1,2,1,4,1,0
889,2020-06-14,Spain,2151.0,24.0,244780.0,28396.0,93552.0,32664,2,1,2,1,4,1,0
890,2020-06-15,Spain,2165.0,22.0,244885.0,28405.0,93733.0,32664,2,1,2,1,4,1,0
891,2020-06-16,Spain,2193.0,24.0,244963.0,28414.0,93952.0,32664,2,1,2,1,4,1,0
892,2020-06-17,Spain,2211.0,29.0,245232.0,28424.0,94307.0,32665,2,1,2,1,4,1,0
893,2020-06-18,Spain,2215.0,28.0,245573.0,28430.0,94892.0,32664,2,1,2,1,4,1,0
894,2020-06-19,Spain,2304.0,33.0,245891.0,28435.0,95199.0,25677,2,1,2,1,4,1,0
895,2020-06-20,Spain,2425.0,28.0,246247.0,28438.0,95562.0,25678,2,1,2,1,4,1,0
896,2020-06-21,Spain,2543.0,28.0,246576.0,28442.0,95896.0,25677,2,0,2,0,3,1,0
897,2020-06-22,Spain,2571.0,30.0,246790.0,28445.0,96128.0,25678,2,0,2,0,3,1,0
898,2020-06-23,Spain,2572.0,23.0,246945.0,28450.0,96376.0,25677,2,0,2,0,3,1,0
899,2020-06-24,Spain,2631.0,20.0,247184.0,28451.0,96710.0,25678,2,0,2,0,3,1,0
900,2020-06-25,Spain,2894.0,19.0,247614.0,28455.0,97110.0,25677,2,0,2,0,3,1,0
901,2020-06-26,Spain,3180.0,16.0,247939.0,28456.0,97529.0,24904,2,0,2,0,3,1,0
902,2020-06-27,Spain,3537.0,18.0,248277.0,28461.0,98093.0,24904,2,0,2,0,3,1,0
903,2020-06-28,Spain,4080.0,16.0,248727.0,28466.0,98394.0,24904,2,0,2,0,3,1,0
904,2020-06-29,Spain,4434.0,15.0,248955.0,28467.0,98594.0,24904,2,0,2,0,3,1,0
905,2020-06-30,Spain,4624.0,16.0,249138.0,28474.0,98895.0,24904,2,0,2,0,3,1,0
906,2020-07-01,Spain,5146.0,15.0,249395.0,28480.0,99283.0,24904,2,0,2,0,3,1,0
907,2020-07-02,Spain,5672.0,15.0,249829.0,28483.0,99727.0,24904,2,0,2,0,3,1,0
908,2020-07-03,Spain,6490.0,17.0,250243.0,28489.0,100169.0,29320,2,0,2,0,3,1,0
909,2020-07-04,Spain,7236.0,15.0,250702.0,28489.0,100169.0,29321,2,0,2,1,3,1,0
910,2020-07-05,Spain,8158.0,13.0,251270.0,28494.0,100169.0,29320,2,0,2,1,3,1,0
911,2020-07-06,Spain,9023.0,13.0,251526.0,28497.0,101413.0,29321,2,0,2,1,3,1,0
912,2020-07-07,Spain,9793.0,17.0,251710.0,28497.0,101754.0,29320,2,0,2,1,3,1,0
913,2020-07-08,Spain,10498.0,18.0,252026.0,28500.0,102137.0,29321,2,0,2,1,3,1,0
914,2020-07-09,Spain,11579.0,20.0,252723.0,28502.0,102680.0,29320,2,0,2,1,3,1,0
915,2020-07-10,Spain,12376.0,17.0,253423.0,28505.0,103532.0,31995,2,0,2,1,3,1,0
916,2020-07-11,Spain,13143.0,18.0,254239.0,28507.0,103532.0,31994,2,0,2,1,3,1,0
917,2020-07-12,Spain,13912.0,22.0,255350.0,28510.0,103532.0,31995,2,0,2,1,3,1,0
918,2020-07-13,Spain,14139.0,26.0,255960.0,28512.0,105577.0,31995,2,0,2,1,3,1,0
919,2020-07-14,Spain,14376.0,28.0,256334.0,28513.0,106243.0,31995,2,0,2,1,3,1,0
920,2020-07-15,Spain,14878.0,32.0,257172.0,28515.0,107118.0,31994,2,2,2,2,3,1,0
921,2020-07-16,Spain,15467.0,39.0,258395.0,28517.0,108479.0,31995,2,2,2,2,3,1,0
922,2020-07-17,Spain,16270.0,41.0,259913.0,28522.0,109879.0,39051,2,2,2,2,3,1,0
923,2020-07-18,Spain,17302.0,48.0,261475.0,28522.0,109879.0,39051,2,2,2,2,3,1,0
924,2020-07-19,Spain,18305.0,54.0,263508.0,28523.0,109879.0,39051,2,2,2,2,3,1,0
925,2020-07-20,Spain,19589.0,54.0,264983.0,28525.0,114460.0,39052,2,2,2,2,3,1,0
926,2020-07-21,Spain,20014.0,58.0,266127.0,28530.0,115818.0,39051,2,2,2,2,3,1,0
927,2020-07-22,Spain,20636.0,61.0,267670.0,28533.0,117175.0,39051,2,2,2,2,3,1,0
928,2020-07-23,Spain,22070.0,62.0,269974.0,28537.0,119790.0,39051,2,2,2,2,3,1,0
929,2020-07-24,Spain,23159.0,67.0,272289.0,28539.0,122045.0,43639,2,2,2,2,3,1,0
930,2020-07-25,Spain,24568.0,82.0,274618.0,28540.0,122045.0,43638,2,2,2,2,3,1,0
931,2020-07-26,Spain,26326.0,89.0,277420.0,28545.0,122045.0,43639,2,2,2,2,3,1,0
932,2020-07-27,Spain,26848.0,112.0,279122.0,28551.0,128406.0,43639,2,2,2,2,3,1,0
933,2020-07-28,Spain,27628.0,115.0,280503.0,28558.0,130234.0,43639,2,2,2,2,3,1,0
934,2020-07-29,Spain,28767.0,125.0,282548.0,28565.0,132265.0,43638,2,2,2,2,3,1,0
935,2020-07-30,Spain,30342.0,137.0,285441.0,28576.0,135054.0,43639,2,2,2,2,3,1,0
936,2020-07-31,Spain,32471.0,151.0,288559.0,28580.0,138146.0,47349,2,2,2,2,3,1,0
937,2020-08-01,Spain,34593.0,148.0,291920.0,28588.0,138146.0,47349,2,2,2,2,3,1,0
938,2020-08-02,Spain,37273.0,159.0,295725.0,28599.0,138146.0,47349,2,2,2,2,3,1,0
939,2020-08-03,Spain,38529.0,156.0,298711.0,28605.0,146678.0,47348,2,2,2,2,3,1,0
940,2020-08-04,Spain,39148.0,162.0,300517.0,28616.0,152438.0,47349,2,2,2,2,3,1,0
941,2020-08-05,Spain,40284.0,172.0,303184.0,28626.0,155391.0,47349,2,2,2,2,3,1,0
942,2020-08-06,Spain,42699.0,182.0,307511.0,28638.0,159479.0,47349,2,2,2,2,3,1,0
943,2020-08-07,Spain,45004.0,199.0,311718.0,28647.0,163986.0,54768,2,2,2,2,3,1,0
944,2020-08-08,Spain,46965.0,209.0,316488.0,28670.0,163986.0,54768,2,2,2,2,3,1,0
945,2020-08-09,Spain,49120.0,216.0,322051.0,28688.0,163986.0,54768,2,2,2,2,3,1,0
946,2020-08-10,Spain,50295.0,230.0,325559.0,28717.0,172604.0,54768,2,2,2,1,3,1,0
947,2020-08-11,Spain,51278.0,254.0,328145.0,28731.0,176236.0,54768,2,2,2,1,3,1,0
948,2020-08-12,Spain,52314.0,272.0,331951.0,28751.0,179408.0,54768,2,2,2,1,3,1,0
949,2020-08-13,Spain,54094.0,273.0,337853.0,28775.0,186958.0,54768,2,2,2,1,3,1,0
950,2020-08-14,Spain,55710.0,274.0,344189.0,28798.0,192437.0,68947,2,2,2,1,3,1,0
951,2020-08-15,Spain,56990.0,285.0,351081.0,28818.0,192437.0,68947,2,2,2,1,3,1,0
952,2020-08-16,Spain,58359.0,307.0,359324.0,28847.0,192437.0,68947,2,2,2,1,3,1,0
953,2020-08-17,Spain,59119.0,306.0,364088.0,28873.0,208706.0,68946,2,2,2,1,3,1,0
954,2020-08-18,Spain,59961.0,312.0,367293.0,28893.0,213820.0,68947,2,2,2,1,3,1,0
955,2020-08-19,Spain,60512.0,322.0,372235.0,28923.0,220491.0,68947,2,2,2,1,3,1,0
956,2020-08-20,Spain,60695.0,345.0,380552.0,28957.0,227530.0,68947,2,2,2,1,3,1,0
957,2020-08-21,Spain,60839.0,374.0,389193.0,28997.0,235678.0,80942,2,2,2,1,3,1,0
958,2020-08-22,Spain,61344.0,394.0,398046.0,29027.0,235678.0,80942,2,2,2,1,3,1,0
959,2020-08-23,Spain,62290.0,400.0,408444.0,29063.0,235678.0,80942,2,2,2,1,3,1,0
960,2020-08-24,Spain,63166.0,418.0,414383.0,29103.0,255060.0,80942,2,2,2,1,3,1,0
961,2020-08-25,Spain,63482.0,420.0,418571.0,29147.0,262177.0,80942,2,2,2,1,3,1,0
962,2020-08-26,Spain,63949.0,429.0,424549.0,29195.0,269473.0,80942,2,2,2,1,3,1,0
963,2020-08-27,Spain,65373.0,448.0,434646.0,29230.0,279131.0,80942,2,2,2,1,3,1,0
964,2020-08-28,Spain,67408.0,456.0,444903.0,29271.0,288910.0,89466,2,2,2,1,3,1,0
965,2020-08-29,Spain,69562.0,468.0,455036.0,29312.0,288910.0,89466,2,2,2,1,3,1,0
966,2020-08-30,Spain,70828.0,480.0,466803.0,29370.0,288910.0,89466,2,2,2,1,3,1,0
967,2020-08-31,Spain,71218.0,516.0,473502.0,29409.0,312482.0,89466,2,2,2,1,3,1,0
968,2020-01-03,United States of America,0.0,0.0,0.0,0.0,0.0,0,0,0,0,0,0,0,0
969,2020-01-04,United States of America,0.0,0.0,0.0,0.0,0.0,0,0,0,0,0,0,0,0
970,2020-01-05,United States of America,0.0,0.0,0.0,0.0,0.0,0,0,0,0,0,0,0,0
971,2020-01-06,United States of America,5.0,0.0,0.0,0.0,0.0,0,0,0,0,0,0,0,0
972,2020-01-07,United States of America,5.0,0.0,0.0,0.0,0.0,0,0,0,0,0,0,0,0
973,2020-01-08,United States of America,5.0,0.0,0.0,0.0,0.0,0,0,0,0,0,0,0,0
974,2020-01-09,United States of America,5.0,0.0,0.0,0.0,0.0,0,0,0,0,0,0,0,0
975,2020-01-10,United States of America,6.0,0.0,0.0,0.0,0.0,0,0,0,0,0,0,0,0
976,2020-01-11,United States of America,6.0,0.0,0.0,0.0,0.0,0,0,0,0,0,0,0,0
977,2020-01-12,United States of America,9.0,0.0,0.0,0.0,0.0,0,0,0,0,0,0,0,0
978,2020-01-13,United States of America,4.0,0.0,0.0,0.0,0.0,0,0,0,0,0,0,0,0
979,2020-01-14,United States of America,4.0,0.0,0.0,0.0,0.0,0,0,0,0,0,0,0,0
980,2020-01-15,United States of America,4.0,0.0,0.0,0.0,0.0,0,0,0,0,0,0,0,0
981,2020-01-16,United States of America,5.0,0.0,0.0,0.0,0.0,0,0,0,0,0,0,0,0
982,2020-01-17,United States of America,5.0,0.0,0.0,0.0,0.0,0,0,0,0,0,0,0,0
983,2020-01-18,United States of America,6.0,0.0,0.0,0.0,0.0,0,0,0,0,0,0,0,0
984,2020-01-19,United States of America,3.0,0.0,0.0,0.0,0.0,0,0,0,0,0,0,0,0
985,2020-01-20,United States of America,6.0,0.0,5.0,0.0,0.0,3,0,0,0,0,0,0,0
986,2020-01-21,United States of America,6.0,0.0,5.0,0.0,0.0,3,0,0,0,0,0,0,0
987,2020-01-22,United States of America,6.0,0.0,5.0,0.0,1.0,3,0,0,0,0,0,0,0
988,2020-01-23,United States of America,6.0,0.0,5.0,0.0,1.0,3,0,0,0,0,0,0,0
989,2020-01-24,United States of America,5.0,0.0,6.0,0.0,2.0,3,0,0,0,0,0,0,0
990,2020-01-25,United States of America,4.0,0.0,6.0,0.0,2.0,4,0,0,0,0,0,0,0
991,2020-01-26,United States of America,4.0,0.0,9.0,0.0,5.0,3,0,0,0,0,0,0,0
992,2020-01-27,United States of America,1.0,0.0,9.0,0.0,5.0,3,0,0,0,0,0,0,0
993,2020-01-28,United States of America,2.0,0.0,9.0,0.0,5.0,3,0,0,0,0,0,0,0
994,2020-01-29,United States of America,2.0,0.0,9.0,0.0,6.0,3,0,0,0,0,0,0,0
995,2020-01-30,United States of America,3.0,0.0,10.0,0.0,6.0,3,0,0,0,0,0,0,0
996,2020-01-31,United States of America,3.0,0.0,11.0,0.0,8.0,3,0,0,0,0,0,0,0
997,2020-02-01,United States of America,3.0,0.0,12.0,0.0,8.0,3,0,0,0,0,0,0,0
998,2020-02-02,United States of America,3.0,0.0,12.0,0.0,8.0,3,0,0,0,0,2,0,0
999,2020-02-03,United States of America,3.0,0.0,15.0,0.0,11.0,3,0,0,0,0,2,0,0
1000,2020-02-04,United States of America,2.0,0.0,15.0,0.0,11.0,4,0,0,0,0,2,0,0
1001,2020-02-05,United States of America,2.0,0.0,15.0,0.0,11.0,3,0,0,0,0,2,0,0
1002,2020-02-06,United States of America,0.0,0.0,16.0,0.0,12.0,3,0,0,0,0,2,0,0
1003,2020-02-07,United States of America,19.0,0.0,16.0,0.0,12.0,3,0,0,0,0,2,0,0
1004,2020-02-08,United States of America,20.0,0.0,16.0,0.0,12.0,3,0,0,0,0,2,0,0
1005,2020-02-09,United States of America,20.0,0.0,16.0,0.0,9.0,3,0,0,0,0,2,0,0
1006,2020-02-10,United States of America,38.0,0.0,16.0,0.0,9.0,3,0,0,0,0,2,0,0
1007,2020-02-11,United States of America,38.0,0.0,17.0,0.0,10.0,3,0,0,0,0,2,0,0
1008,2020-02-12,United States of America,44.0,0.0,17.0,0.0,10.0,3,0,0,0,0,2,0,0
1009,2020-02-13,United States of America,44.0,0.0,19.0,0.0,11.0,3,0,0,0,0,2,0,0
1010,2020-02-14,United States of America,28.0,0.0,19.0,0.0,11.0,3,0,0,0,0,2,0,0
1011,2020-02-15,United States of America,27.0,0.0,19.0,0.0,11.0,4,0,0,0,0,2,0,0
1012,2020-02-16,United States of America,27.0,0.0,19.0,0.0,11.0,3,0,0,0,0,2,0,0
1013,2020-02-17,United States of America,11.0,0.0,19.0,0.0,11.0,3,0,0,0,0,2,0,0
1014,2020-02-18,United States of America,55.0,2.0,19.0,0.0,11.0,3,0,0,0,0,2,0,0
1015,2020-02-19,United States of America,70.0,5.0,19.0,0.0,11.0,3,0,0,0,0,2,0,0
1016,2020-02-20,United States of America,70.0,9.0,19.0,0.0,11.0,3,0,0,0,0,2,0,0
1017,2020-02-21,United States of America,151.0,11.0,38.0,0.0,11.0,3,0,0,0,0,2,0,0
1018,2020-02-22,United States of America,151.0,11.0,39.0,0.0,11.0,3,0,0,0,0,2,0,0
1019,2020-02-23,United States of America,151.0,11.0,39.0,0.0,11.0,3,0,0,0,0,2,0,0
1020,2020-02-24,United States of America,408.0,19.0,57.0,0.0,11.0,3,0,0,0,0,2,0,0
1021,2020-02-25,United States of America,588.0,23.0,57.0,0.0,10.0,4,0,0,0,0,2,0,0
1022,2020-02-26,United States of America,567.0,20.0,63.0,0.0,10.0,3,0,0,0,0,2,0,0
1023,2020-02-27,United States of America,858.0,20.0,63.0,0.0,11.0,3,0,0,0,0,2,0,0
1024,2020-02-28,United States of America,1051.0,25.0,66.0,0.0,10.0,3,0,0,0,0,2,0,0
1025,2020-02-29,United States of America,1465.0,30.0,66.0,0.0,18.0,3,0,0,0,0,2,0,0
1026,2020-03-01,United States of America,1501.0,30.0,66.0,0.0,25.0,3,0,0,1,0,2,0,0
1027,2020-03-02,United States of America,1242.0,22.0,68.0,0.0,48.0,343,0,0,1,0,3,0,0
1028,2020-03-03,United States of America,2840.0,33.0,112.0,2.0,67.0,726,0,0,1,0,3,0,0
1029,2020-03-04,United States of America,6391.0,75.0,133.0,5.0,100.0,842,0,0,1,0,3,0,0
1030,2020-03-05,United States of America,9451.0,121.0,133.0,9.0,177.0,973,3,0,1,0,3,0,0
1031,2020-03-06,United States of America,13951.0,165.0,217.0,11.0,230.0,1317,3,0,1,0,3,0,0
1032,2020-03-07,United States of America,13537.0,160.0,217.0,11.0,396.0,1325,3,0,1,0,3,0,0
1033,2020-03-08,United States of America,13501.0,160.0,217.0,11.0,512.0,1416,3,0,1,0,3,0,0
1034,2020-03-09,United States of America,29855.0,361.0,476.0,19.0,587.0,2025,3,0,1,0,3,0,0
1035,2020-03-10,United States of America,48374.0,615.0,700.0,25.0,774.0,2674,3,0,1,0,3,0,0
1036,2020-03-11,United States of America,44823.0,573.0,700.0,25.0,1139.0,3856,3,0,1,0,3,0,0
1037,2020-03-12,United States of America,57892.0,841.0,991.0,29.0,1574.0,7031,3,0,2,0,3,0,0
1038,2020-03-13,United States of America,53115.0,790.0,1268.0,36.0,2207.0,9972,3,0,2,0,3,0,0
1039,2020-03-14,United States of America,70009.0,1042.0,1682.0,41.0,2966.0,10580,3,0,2,0,3,0,0
1040,2020-03-15,United States of America,88102.0,1467.0,1718.0,41.0,3200.0,12003,3,0,2,2,3,0,0
1041,2020-03-16,United States of America,91080.0,1710.0,1718.0,41.0,4662.0,23054,3,0,2,2,3,0,0
1042,2020-03-17,United States of America,88726.0,1725.0,3540.0,58.0,6494.0,36204,3,0,2,2,3,0,1
1043,2020-03-18,United States of America,111285.0,2177.0,7091.0,100.0,9060.0,46989,3,0,2,2,3,0,1
1044,2020-03-19,United States of America,118968.0,2855.0,10442.0,150.0,13538.0,56657,3,3,2,2,3,1,1
1045,2020-03-20,United States of America,145266.0,3802.0,15219.0,201.0,19879.0,68340,3,3,2,2,3,1,1
1046,2020-03-21,United States of America,156475.0,4611.0,15219.0,201.0,25846.0,68715,3,3,2,2,3,1,1
1047,2020-03-22,United States of America,170487.0,5352.0,15219.0,201.0,34646.0,63318,3,3,2,2,3,1,1
1048,2020-03-23,United States of America,184665.0,6246.0,31573.0,402.0,45865.0,71285,3,3,2,2,3,1,1
1049,2020-03-24,United States of America,193171.0,7161.0,51914.0,673.0,56272.0,92375,3,3,2,2,3,1,1
1050,2020-03-25,United States of America,200122.0,7995.0,51914.0,673.0,68293.0,101545,3,3,2,2,3,1,1
1051,2020-03-26,United States of America,207728.0,8894.0,68334.0,991.0,85867.0,113478,3,3,2,2,3,1,1
1052,2020-03-27,United States of America,212289.0,9872.0,68334.0,991.0,104310.0,119297,3,3,2,2,3,1,1
1053,2020-03-28,United States of America,219572.0,10742.0,85228.0,1243.0,123714.0,108151,3,3,2,2,3,1,1
1054,2020-03-29,United States of America,219073.0,11496.0,103321.0,1668.0,141050.0,98775,3,3,2,2,3,1,1
1055,2020-03-30,United States of America,217196.0,12086.0,122653.0,2112.0,160084.0,109309,3,3,2,2,3,1,1
1056,2020-03-31,United States of America,220011.0,12413.0,140640.0,2398.0,185067.0,127632,3,3,2,2,3,1,1
1057,2020-04-01,United States of America,214947.0,12631.0,163199.0,2850.0,209436.0,135502,3,3,2,2,3,1,1
1058,2020-04-02,United States of America,209040.0,13131.0,187302.0,3846.0,239301.0,142185,3,3,2,2,3,1,1
1059,2020-04-03,United States of America,206892.0,17615.0,213600.0,4793.0,270595.0,151031,3,3,2,2,3,1,1
1060,2020-04-04,United States of America,204055.0,17702.0,241703.0,5854.0,298651.0,135284,3,3,2,2,3,1,1
1061,2020-04-05,United States of America,202472.0,18220.0,273808.0,7020.0,324039.0,128918,3,3,2,2,3,1,1
1062,2020-04-06,United States of America,199091.0,18068.0,307318.0,8358.0,352091.0,131478,3,3,2,2,3,1,1
1063,2020-04-07,United States of America,197451.0,18341.0,333811.0,9559.0,381308.0,151569,3,3,2,2,3,1,1
1064,2020-04-08,United States of America,198639.0,18991.0,363321.0,10845.0,411528.0,346735,3,3,2,2,3,1,1
1065,2020-04-09,United States of America,196856.0,19171.0,395030.0,12740.0,444325.0,167192,3,3,2,2,3,1,1
1066,2020-04-10,United States of America,197272.0,15152.0,425889.0,14665.0,474481.0,173561,3,3,2,2,3,1,1
1067,2020-04-11,United States of America,195442.0,14876.0,461275.0,16596.0,501358.0,207884,3,3,2,2,3,1,1
1068,2020-04-12,United States of America,203928.0,14589.0,492881.0,18516.0,526599.0,120212,3,3,2,2,3,1,1
1069,2020-04-13,United States of America,208093.0,14777.0,524514.0,20444.0,541896.0,109442,3,3,2,2,3,1,1
1070,2020-04-14,United States of America,209643.0,14085.0,553822.0,21972.0,566206.0,150337,3,3,2,2,3,1,1
1071,2020-04-15,United States of America,206550.0,13253.0,578268.0,23476.0,591881.0,181981,3,3,2,2,3,1,1
1072,2020-04-16,United States of America,203048.0,12688.0,604070.0,25871.0,620796.0,178569,3,3,2,2,3,1,1
1073,2020-04-17,United States of America,205300.0,13200.0,632781.0,32280.0,649760.0,177983,3,3,2,2,3,1,1
1074,2020-04-18,United States of America,206355.0,13463.0,665330.0,34298.0,671316.0,174982,3,3,2,2,3,1,1
1075,2020-04-19,United States of America,194599.0,16312.0,695353.0,36736.0,691500.0,133650,3,3,2,2,3,1,1
1076,2020-04-20,United States of America,194021.0,14504.0,723605.0,38512.0,717930.0,157020,3,3,2,2,3,1,1
1077,2020-04-21,United States of America,194069.0,12881.0,751273.0,40313.0,741093.0,218229,3,3,2,2,3,1,1
1078,2020-04-22,United States of America,187728.0,12361.0,776907.0,42467.0,768228.0,224998,3,3,2,2,3,1,1
1079,2020-04-23,United States of America,189478.0,12826.0,800926.0,45042.0,798822.0,218161,3,3,2,2,3,1,1
1080,2020-04-24,United States of America,180218.0,11892.0,830053.0,47432.0,813512.0,248561,3,3,2,2,3,1,1
1081,2020-04-25,United States of America,178648.0,12727.0,860772.0,49174.0,844020.0,216910,3,3,2,2,3,1,1
1082,2020-04-26,United States of America,177765.0,9279.0,899281.0,51325.0,864503.0,198580,3,3,2,2,3,1,1
1083,2020-04-27,United States of America,172568.0,10859.0,931698.0,53289.0,883241.0,217920,3,3,2,2,3,1,1
1084,2020-04-28,United States of America,167069.0,12355.0,960916.0,54398.0,903403.0,249025,3,3,2,2,3,1,1
1085,2020-04-29,United States of America,168913.0,12614.0,983457.0,55720.0,926464.0,293507,3,3,2,2,3,1,1
1086,2020-04-30,United States of America,168070.0,11563.0,1003974.0,57730.0,922742.0,310295,3,3,2,2,3,1,1
1087,2020-05-01,United States of America,166791.0,11295.0,1035353.0,60632.0,946894.0,295725,3,3,2,2,3,1,1
1088,2020-05-02,United States of America,163677.0,10496.0,1067127.0,62637.0,963529.0,282144,3,3,2,2,3,1,1
1089,2020-05-03,United States of America,160620.0,10264.0,1093880.0,67637.0,983261.0,190027,3,3,2,2,3,1,1
1090,2020-05-04,United States of America,165945.0,9922.0,1125719.0,67793.0,999635.0,214534,3,3,2,2,3,1,1
1091,2020-05-05,United States of America,155405.0,9637.0,1154985.0,67279.0,1021587.0,351290,3,3,2,2,3,1,1
1092,2020-05-06,United States of America,161778.0,9508.0,1171185.0,68081.0,1046615.0,313602,3,3,2,2,3,1,1
1093,2020-05-07,United States of America,163664.0,9408.0,1193452.0,70556.0,1069279.0,369220,3,3,2,2,3,1,1
1094,2020-05-08,United States of America,165611.0,9104.0,1215571.0,72524.0,1092204.0,399666,3,3,2,2,3,1,1
1095,2020-05-09,United States of America,158996.0,8151.0,1245775.0,75364.0,1103631.0,319462,3,3,2,2,3,1,1
1096,2020-05-10,United States of America,160334.0,8683.0,1271645.0,76916.0,1118852.0,215620,3,3,2,2,3,1,1
1097,2020-05-11,United States of America,154525.0,8335.0,1298287.0,78652.0,1121735.0,352892,3,3,2,2,3,1,1
1098,2020-05-12,United States of America,156551.0,8258.0,1322054.0,79634.0,1146939.0,407955,3,3,2,2,3,1,1
1099,2020-05-13,United States of America,157020.0,7916.0,1340098.0,80695.0,1154762.0,424906,3,3,2,2,3,1,1
1100,2020-05-14,United States of America,150072.0,7362.0,1361522.0,82119.0,1179086.0,434933,3,3,2,2,3,1,1
1101,2020-05-15,United States of America,146891.0,7381.0,1382362.0,83819.0,1200051.0,430098,3,3,2,2,3,1,1
1102,2020-05-16,United States of America,147630.0,7556.0,1409452.0,85860.0,1206435.0,364185,3,3,2,2,3,1,1
1103,2020-05-17,United States of America,141441.0,6777.0,1432265.0,87180.0,1220660.0,305061,3,3,2,2,3,1,1
1104,2020-05-18,United States of America,138765.0,6645.0,1464232.0,88574.0,1231759.0,331604,3,3,2,2,3,1,1
1105,2020-05-19,United States of America,149628.0,6718.0,1477459.0,89271.0,1246589.0,455875,3,3,2,2,3,1,1
1106,2020-05-20,United States of America,139434.0,6889.0,1501876.0,90203.0,1265174.0,413738,3,3,2,2,3,1,1
1107,2020-05-21,United States of America,147962.0,7162.0,1525186.0,91527.0,1286733.0,512184,3,3,2,2,3,1,1
1108,2020-05-22,United States of America,142939.0,6572.0,1547973.0,92923.0,1258454.0,494199,3,3,2,2,3,1,1
1109,2020-05-23,United States of America,141794.0,6344.0,1568448.0,94011.0,1268547.0,383055,3,3,2,2,3,1,1
1110,2020-05-24,United States of America,152754.0,6398.0,1592599.0,95863.0,1283164.0,296066,3,3,2,2,3,1,1
1111,2020-05-25,United States of America,158190.0,6192.0,1618757.0,96909.0,1289060.0,397582,3,3,2,2,3,1,1
1112,2020-05-26,United States of America,149922.0,5973.0,1634010.0,97529.0,1302839.0,461596,3,3,2,2,3,1,1
1113,2020-05-27,United States of America,152766.0,5762.0,1658896.0,98119.0,1314823.0,518834,3,3,2,2,3,1,1
1114,2020-05-28,United States of America,145111.0,5927.0,1675258.0,98889.0,1329288.0,531880,3,3,2,2,3,1,1
1115,2020-05-29,United States of America,150843.0,5934.0,1694864.0,100304.0,1347184.0,513066,3,3,2,2,3,1,1
1116,2020-05-30,United States of America,152519.0,5846.0,1716078.0,101567.0,1361012.0,468277,3,3,2,2,3,1,1
1117,2020-05-31,United States of America,145730.0,5428.0,1734040.0,102640.0,1351887.0,369735,3,3,2,2,3,1,1
1118,2020-06-01,United States of America,142126.0,5366.0,1757522.0,103554.0,1355778.0,431411,3,3,2,2,3,1,1
1119,2020-06-02,United States of America,146032.0,5264.0,1783638.0,104247.0,1371514.0,464152,3,3,2,2,3,1,1
1120,2020-06-03,United States of America,147010.0,5210.0,1798330.0,105008.0,1376101.0,621861,3,3,2,2,3,1,1
1121,2020-06-04,United States of America,157696.0,4724.0,1823220.0,106051.0,1392076.0,602042,3,3,2,2,3,1,1
1122,2020-06-05,United States of America,160520.0,4662.0,1837803.0,106876.0,1410539.0,552163,3,3,2,2,3,1,1
1123,2020-06-06,United States of America,161821.0,4448.0,1857872.0,107911.0,1423232.0,505188,3,3,2,2,3,1,1
1124,2020-06-07,United States of America,176305.0,4429.0,1886794.0,109038.0,1435501.0,353394,3,3,2,2,3,1,1
1125,2020-06-08,United States of America,183340.0,4341.0,1915712.0,109746.0,1440874.0,682549,3,3,2,2,3,1,0
1126,2020-06-09,United States of America,189161.0,4277.0,1933560.0,110220.0,1452910.0,588224,3,3,2,2,3,1,0
1127,2020-06-10,United States of America,197166.0,4191.0,1951096.0,110770.0,1465085.0,641698,3,3,2,2,3,1,0
1128,2020-06-11,United States of America,203436.0,4253.0,1968331.0,111978.0,1481494.0,530280,3,3,2,2,3,1,0
1129,2020-06-12,United States of America,217898.0,4173.0,1988646.0,112810.0,1499265.0,539133,3,3,2,2,3,1,0
1130,2020-06-13,United States of America,235378.0,5956.0,2010391.0,113757.0,1515305.0,616980,3,3,2,2,3,1,0
1131,2020-06-14,United States of America,243219.0,5916.0,2032524.0,114466.0,1529467.0,354714,3,3,2,2,3,1,0
1132,2020-06-15,United States of America,255450.0,5865.0,2057838.0,115112.0,1534873.0,569002,3,2,2,2,3,1,0
1133,2020-06-16,United States of America,268883.0,6442.0,2079592.0,115484.0,1551499.0,648362,3,2,2,2,3,1,0
1134,2020-06-17,United States of America,278121.0,6402.0,2098106.0,115980.0,1568715.0,704243,3,2,2,2,3,1,0
1135,2020-06-18,United States of America,287486.0,6178.0,2126027.0,116702.0,1589976.0,702561,3,2,2,2,3,1,0
1136,2020-06-19,United States of America,304156.0,6213.0,2149166.0,117472.0,1613686.0,822943,3,2,2,2,3,1,0
1137,2020-06-20,United States of America,316843.0,4320.0,2172212.0,118205.0,1635195.0,612729,3,2,2,2,3,1,0
1138,2020-06-21,United States of America,324318.0,4415.0,2208829.0,118895.0,1656628.0,451028,3,2,2,2,3,1,0
1139,2020-06-22,United States of America,336924.0,4090.0,2241178.0,119453.0,1669045.0,590020,3,2,2,2,3,1,0
1140,2020-06-23,United States of America,339602.0,3440.0,2268753.0,119761.0,1697460.0,790251,3,2,2,2,3,1,0
1141,2020-06-24,United States of America,350039.0,3390.0,2295272.0,120171.0,1723312.0,729586,3,2,2,2,3,1,0
1142,2020-06-25,United States of America,356746.0,3760.0,2329463.0,120955.0,1756447.0,740369,3,2,2,2,3,1,0
1143,2020-06-26,United States of America,367105.0,4026.0,2367064.0,121645.0,1794514.0,776692,3,2,2,2,3,1,0
1144,2020-06-27,United States of America,372867.0,4202.0,2407590.0,124161.0,1828364.0,666109,3,2,2,2,3,1,0
1145,2020-06-28,United States of America,387215.0,4260.0,2452048.0,124811.0,1861859.0,490355,3,2,2,2,3,1,0
1146,2020-06-29,United States of America,392398.0,4984.0,2496628.0,125318.0,1882505.0,765256,3,2,2,2,3,1,0
1147,2020-06-30,United States of America,408825.0,5061.0,2537636.0,126203.0,1913240.0,870399,3,2,2,2,3,1,0
1148,2020-07-01,United States of America,421351.0,5090.0,2573393.0,126573.0,1955197.0,925251,3,2,2,2,3,1,0
1149,2020-07-02,United States of America,431799.0,4914.0,2616949.0,127133.0,1958331.0,747606,3,2,2,2,3,1,0
1150,2020-07-03,United States of America,434334.0,4869.0,2671220.0,127858.0,2002445.0,763382,3,2,2,2,3,1,0
1151,2020-07-04,United States of America,446843.0,4991.0,2724433.0,128481.0,1944264.0,532663,3,2,2,2,3,1,0
1152,2020-07-05,United States of America,454916.0,5105.0,2776366.0,129226.0,1981803.0,447687,3,2,2,2,3,1,0
1153,2020-07-06,United States of America,459510.0,5076.0,2833552.0,129408.0,2009068.0,895525,3,2,2,2,3,1,0
1154,2020-07-07,United States of America,462185.0,5260.0,2877238.0,129643.0,2056896.0,862145,3,2,2,2,3,1,0
1155,2020-07-08,United States of America,460741.0,5384.0,2923432.0,129963.0,2099083.0,935037,3,2,2,2,3,1,0
1156,2020-07-09,United States of America,462959.0,5672.0,2973695.0,130893.0,2146705.0,946711,3,2,2,2,3,1,0
1157,2020-07-10,United States of America,465435.0,5800.0,3038325.0,131884.0,2200350.0,950772,3,2,2,2,3,1,0
1158,2020-07-11,United States of America,465665.0,5989.0,3097300.0,132683.0,2248110.0,830141,3,2,2,2,3,1,0
1159,2020-07-12,United States of America,465546.0,6207.0,3163581.0,133486.0,2296239.0,721073,3,2,2,2,3,1,0
1160,2020-07-13,United States of America,462551.0,6259.0,3225950.0,134392.0,2330096.0,837284,3,2,2,2,3,1,0
1161,2020-07-14,United States of America,461261.0,6367.0,3286063.0,134704.0,2379894.0,926690,3,2,2,2,3,1,0
1162,2020-07-15,United States of America,458007.0,7012.0,3344783.0,135053.0,2420733.0,879198,3,2,2,2,3,1,0
1163,2020-07-16,United States of America,454707.0,7161.0,3405494.0,135807.0,2483332.0,1119040,3,2,2,2,3,1,0
1164,2020-07-17,United States of America,450472.0,7501.0,3472659.0,136753.0,2538783.0,1020197,3,2,2,2,3,1,0
1165,2020-07-18,United States of America,446581.0,7602.0,3544143.0,137674.0,2586015.0,871599,3,2,2,2,3,1,0
1166,2020-07-19,United States of America,439845.0,7832.0,3618497.0,138591.0,2638869.0,612006,3,2,2,2,3,1,0
1167,2020-07-20,United States of America,434265.0,8030.0,3685460.0,139468.0,2671845.0,755002,3,2,2,1,3,1,0
1168,2020-07-21,United States of America,419950.0,7895.0,3748248.0,139964.0,2714345.0,1245943,3,2,2,1,3,1,0
1169,2020-07-22,United States of America,415079.0,7503.0,3805524.0,140437.0,2756819.0,1065790,3,2,2,1,3,1,0
1170,2020-07-23,United States of America,405079.0,7410.0,3868453.0,141479.0,2803472.0,1053353,3,2,2,1,3,1,0
1171,2020-07-24,United States of America,393046.0,7303.0,3938094.0,142553.0,2848224.0,909172,3,2,2,1,3,1,0
1172,2020-07-25,United States of America,380541.0,7341.0,4009808.0,143663.0,2896888.0,943011,3,2,2,1,3,1,0
1173,2020-07-26,United States of America,374070.0,7300.0,4084043.0,144798.0,2933241.0,645365,3,2,2,1,3,1,0
1174,2020-07-27,United States of America,369575.0,7232.0,4148011.0,145727.0,2961880.0,733327,3,2,2,1,3,1,0
1175,2020-07-28,United States of America,370356.0,7321.0,4209509.0,146331.0,2998114.0,882798,3,2,2,1,3,1,0
1176,2020-07-29,United States of America,361099.0,7152.0,4263531.0,147449.0,3035354.0,873241,3,2,2,1,3,1,0
1177,2020-07-30,United States of America,366261.0,7290.0,4323160.0,148640.0,3078403.0,1011533,3,2,2,1,3,1,0
1178,2020-07-31,United States of America,368795.0,7469.0,4388566.0,150054.0,3121551.0,978148,3,2,2,1,3,1,0
1179,2020-08-01,United States of America,366276.0,7389.0,4456389.0,151265.0,3155729.0,781581,3,2,2,1,3,1,0
1180,2020-08-02,United States of America,360607.0,7271.0,4523888.0,152630.0,3196254.0,587164,3,2,2,1,3,1,0
1181,2020-08-03,United States of America,361089.0,7356.0,4582276.0,153757.0,3196327.0,696128,3,2,2,1,3,1,0
1182,2020-08-04,United States of America,354198.0,7452.0,4629459.0,154226.0,3238254.0,792394,3,2,2,1,3,1,0
1183,2020-08-05,United States of America,353429.0,7404.0,4678610.0,154952.0,3243034.0,893499,3,2,2,1,3,1,0
1184,2020-08-06,United States of America,336546.0,7300.0,4728239.0,156050.0,3281901.0,916697,3,2,2,1,3,1,0
1185,2020-08-07,United States of America,326898.0,7207.0,4781612.0,157357.0,3314987.0,924930,3,2,2,1,3,1,0
1186,2020-08-08,United States of America,318051.0,7103.0,4836930.0,158606.0,3351429.0,828402,3,2,2,1,3,1,0
1187,2020-08-09,United States of America,308652.0,7045.0,4897958.0,159930.0,3383806.0,720368,3,2,2,1,3,1,0
1188,2020-08-10,United States of America,299223.0,6898.0,4951851.0,160989.0,3419675.0,799112,3,2,2,1,3,1,0
1189,2020-08-11,United States of America,295915.0,6814.0,4999815.0,161547.0,3422373.0,972820,3,2,2,1,3,1,0
1190,2020-08-12,United States of America,289673.0,6693.0,5039709.0,162104.0,3440577.0,971330,3,2,2,1,3,1,0
1191,2020-08-13,United States of America,288795.0,6692.0,5094500.0,163340.0,3471666.0,1057358,3,2,2,1,3,1,0
1192,2020-08-14,United States of America,288020.0,6528.0,5150407.0,164826.0,3514589.0,990439,3,2,2,1,3,1,0
1193,2020-08-15,United States of America,290262.0,6618.0,5203206.0,165995.0,3539813.0,851931,3,2,2,1,3,1,0
1194,2020-08-16,United States of America,288304.0,6443.0,5258565.0,167201.0,3566686.0,631577,3,2,2,1,3,1,0
1195,2020-08-17,United States of America,287341.0,6446.0,5312940.0,168345.0,3570112.0,680436,3,2,2,1,3,1,0
1196,2020-08-18,United States of America,286644.0,6349.0,5354013.0,168999.0,3582887.0,867539,3,2,2,1,3,1,0
1197,2020-08-19,United States of America,285569.0,6384.0,5393138.0,169508.0,3603327.0,973327,3,2,2,1,3,1,0
1198,2020-08-20,United States of America,291201.0,6278.0,5431046.0,170640.0,3625422.0,979939,3,2,2,1,3,1,0
1199,2020-08-21,United States of America,285119.0,6053.0,5477305.0,172033.0,3655620.0,946196,3,2,2,1,3,1,0
1200,2020-08-22,United States of America,283488.0,5971.0,5521257.0,173098.0,3679602.0,795003,3,2,2,1,3,1,0
1201,2020-08-23,United States of America,288617.0,5974.0,5567217.0,174246.0,3701754.0,617795,3,2,2,1,3,1,0
1202,2020-08-24,United States of America,289984.0,5852.0,5612163.0,175243.0,3716595.0,654755,3,2,2,1,3,1,0
1203,2020-08-25,United States of America,286402.0,5841.0,5649928.0,175813.0,3721899.0,887936,3,2,2,1,3,1,0
1204,2020-08-26,United States of America,280609.0,5587.0,5682811.0,176201.0,3736224.0,944096,3,2,2,1,3,1,0
1205,2020-08-27,United States of America,261151.0,4998.0,5719841.0,177332.0,3765234.0,869783,3,2,2,1,3,1,0
1206,2020-08-28,United States of America,253737.0,5095.0,5765325.0,178561.0,3794389.0,1136760,3,2,2,1,3,1,0
1207,2020-08-29,United States of America,246302.0,5100.0,5811519.0,179716.0,3818162.0,864623,3,2,2,1,3,1,0
1208,2020-08-30,United States of America,242694.0,5146.0,5855521.0,180689.0,3840191.0,623064,3,2,2,1,3,1,0
1209,2020-08-31,United States of America,237470.0,5071.0,5899504.0,181689.0,3843817.0,704606,3,2,2,1,3,1,0
